account_value,date,daily_return
10000000.0,2012-01-09,
7757009.181107996,2012-01-10,-0.22429908188920045
7750962.545308997,2012-01-11,-0.0007795060773841955
7758005.505289996,2012-01-12,0.0009086561752593703
7729761.458864994,2012-01-13,-0.003640632428752788
7697248.765024994,2012-01-16,-0.0042061703990506905
7779651.415525994,2012-01-17,0.010705468020654862
7746708.616278995,2012-01-18,-0.004234482689192798
7800435.300916994,2012-01-19,0.00693542087346577
7853360.463505993,2012-01-20,0.006784898604668577
7810969.221830993,2012-01-30,-0.005397847440212211
7803293.0985449925,2012-01-31,-0.0009827363375785048
7751005.936478994,2012-02-01,-0.006700653353101438
7850064.547915995,2012-02-02,0.012780097480095565
7878069.950741995,2012-02-03,0.0035675379043138555
7877388.834716994,2012-02-06,-8.645721975808485e-05
7828468.282126996,2012-02-07,-0.006210249819635361
7918906.633652996,2012-02-08,0.01155249638457101
7931818.022288997,2012-02-09,0.0016304509237590192
7945738.086956995,2012-02-10,0.0017549652083395095
7949867.066282998,2012-02-13,0.000519647046103966
7907522.913242998,2012-02-14,-0.005326397622369083
7953569.485923998,2012-02-15,0.005823134904090477
7909682.848074999,2012-02-16,-0.005517854332783401
7907027.369763997,2012-02-17,-0.00033572500465650634
7945211.258322998,2012-02-20,0.00482910792809621
7997465.6900149975,2012-02-21,0.006576846101764788
8077777.994611998,2012-02-22,0.010042219336717118
8079049.8702839995,2012-02-23,0.00015745365530595024
8196717.543207999,2012-02-24,0.014564543456625945
8207167.471199999,2012-02-27,0.001274891801128275
8212297.147849898,2012-02-28,0.0006250240010210462
8080824.556016499,2012-02-29,-0.016009234622960555
8040289.123527996,2012-03-01,-0.005016249543287388
8194797.967739499,2012-03-02,0.01921682688740245
8090179.561046098,2012-03-05,-0.012766441235678161
7991783.332073096,2012-03-06,-0.01216242831577885
7968540.766400596,2012-03-07,-0.0029083077839737737
8070242.573310899,2012-03-08,0.012762914803564618
8118374.724568298,2012-03-09,0.005964151736476575
8064694.551925198,2012-03-12,-0.006612182174918546
8131813.2113181995,2012-03-13,0.008322529633435272
7921316.409466398,2012-03-14,-0.02588559234966481
7845910.5476132985,2012-03-15,-0.00951935990878805
7999855.916539597,2012-03-16,0.01962109661996192
7971433.328889701,2012-03-19,-0.00355288744527682
7846562.027656699,2012-03-20,-0.015664849228613553
7824075.177862196,2012-03-21,-0.0028658219632041737
7835054.271417998,2012-03-22,0.001403244895558542
7834756.1665172,2012-03-23,-3.804758594783131e-05
7857303.361407296,2012-03-26,0.002877842578745904
7731424.9228873,2012-03-27,-0.016020564910128376
7591997.079067298,2012-03-28,-0.01803391292169887
7554606.107148297,2012-03-29,-0.0049250508831326645
7594024.3351795,2012-03-30,0.005217774093331684
7820267.829915499,2012-04-05,0.029792305732801116
7851400.193664297,2012-04-06,0.003980984337864424
7814593.473879198,2012-04-09,-0.004687917935300434
7879424.985703199,2012-04-10,0.008296210422295891
8044546.292025898,2012-04-12,0.0209560096862782
8056227.421375601,2012-04-13,0.0014520557065202944
8043839.265698402,2012-04-16,-0.00153771176373807
7933937.906057298,2012-04-17,-0.01366279907030965
8115594.405398999,2012-04-18,0.02289613323076467
8041484.743789599,2012-04-19,-0.009131760153032964
8147814.233018701,2012-04-20,0.0132226190332847
8100301.473018697,2012-04-23,-0.0058313504261621185
8091704.513018698,2012-04-24,-0.001061313585504764
8153332.433018698,2012-04-25,0.007616185180866042
8193297.953018697,2012-04-26,0.004901740524910991
8298088.953018696,2012-04-27,0.012789843674779311
8434345.8730187,2012-05-02,0.016420277098914138
8436345.033018699,2012-05-03,0.0002370260871555896
8568673.513018696,2012-05-04,0.015685522519773842
8573111.3130187,2012-05-07,0.0005179098017051853
8557298.753018698,2012-05-08,-0.0018444365671527185
8399836.233018698,2012-05-09,-0.018400960927588583
8334842.553018699,2012-05-10,-0.007737493707855481
8292056.2330187,2012-05-11,-0.00513342870340161
8202143.433018701,2012-05-14,-0.010843245327011752
8229884.353018699,2012-05-15,0.0033821549484642777
8108161.353018698,2012-05-16,-0.014790365791149118
8183474.393018696,2012-05-17,0.009288547269962644
8075175.553018697,2012-05-18,-0.01323384601684452
8166374.193018698,2012-05-21,0.011293703697365265
8361205.073018701,2012-05-22,0.02385769686705763
8384188.6730186995,2012-05-23,0.0027488382116311882
8193032.993018699,2012-05-24,-0.022799544172373176
8149641.033018699,2012-05-25,-0.005296202277834672
8359505.4730187,2012-05-28,0.025751372256731964
8396592.713018697,2012-05-29,0.00443653516582998
8436946.993018698,2012-05-30,0.004806030419628682
8537301.9130187,2012-05-31,0.01189469604147586
8570686.993018696,2012-06-01,0.003910495416483695
8343805.513018699,2012-06-04,-0.026471796273134784
8420751.233018698,2012-06-05,0.009221897595760309
8350041.873018699,2012-06-06,-0.008397037039016175
8341238.473018698,2012-06-07,-0.0010542941141944429
8322752.6330186995,2012-06-08,-0.0022161984769761833
8369781.193018702,2012-06-11,0.005650601678755418
8326703.473018699,2012-06-12,-0.0051468155506781965
8441574.2730187,2012-06-13,0.013795471445839258
8514699.913018696,2012-06-14,0.008662559569454276
8492117.673018698,2012-06-15,-0.0026521474897160946
8393316.4730187,2012-06-18,-0.011634459601744584
8283414.2730187,2012-06-19,-0.01309401359442286
8269031.473018698,2012-06-20,-0.0017363371583201115
8128239.0330187,2012-06-21,-0.01702647286558223
7986009.833018699,2012-06-25,-0.017498156663729336
8011310.7530187,2012-06-26,0.0031681553778448723
8079868.4330186965,2012-06-27,0.008557610872123922
7941764.0330187,2012-06-28,-0.017092407029256518
8045819.593018699,2012-06-29,0.013102323308445962
8045521.433018697,2012-07-02,-3.705775360174357e-05
8292559.0330187,2012-07-03,0.030704983145798836
8377319.233018701,2012-07-04,0.010221235647827065
8228403.353018697,2012-07-05,-0.017776077986029315
8432294.793018695,2012-07-06,0.024778979742795082
8263146.873018699,2012-07-09,-0.02005953588577547
8177444.713018699,2012-07-10,-0.01037161281494825
8313567.433018697,2012-07-11,0.016646119267952786
8321072.233018698,2012-07-12,0.000902717162092781
8394244.953018697,2012-07-13,0.0087936648007505
8262948.4330187,2012-07-16,-0.015641254303971786
8179556.953018698,2012-07-17,-0.010092218374106121
8017021.993018697,2012-07-18,-0.01987087576179991
8037623.713018699,2012-07-19,0.0025697472225898466
7932309.0330187,2012-07-20,-0.01310271340886715
7857944.993018698,2012-07-23,-0.009374828904226695
7982297.353018698,2012-07-24,0.01582504842048138
8051538.753018701,2012-07-25,0.008674369913546087
7946435.2330187,2012-07-26,-0.01305384265344256
7968344.553018699,2012-07-27,0.0027571255987794974
7959680.953018698,2012-07-30,-0.0010872521817244518
7905644.633018697,2012-07-31,-0.006788754514024609
7892834.273018698,2012-08-01,-0.0016204067593039717
7771024.473018699,2012-08-02,-0.015432960554664144
7868774.3130187,2012-08-03,0.012578758481509356
7940909.153018699,2012-08-06,0.009167226956891206
8004732.6730186995,2012-08-07,0.008037306405367817
8030042.113018701,2012-08-08,0.0031618095236722876
8182849.753018701,2012-08-09,0.019029494222983168
7956352.753018699,2012-08-10,-0.027679476812640602
7831861.513018701,2012-08-13,-0.01564677231697209
7822065.913018698,2012-08-14,-0.0012507371311047955
7748079.793018699,2012-08-15,-0.009458641850212501
7667013.313018696,2012-08-16,-0.010462783317364166
7522588.073018701,2012-08-17,-0.018837223062435515
7524890.233018697,2012-08-20,0.00030603297397790996
7580717.953018701,2012-08-21,0.00741907433480371
7481770.553018698,2012-08-22,-0.013052510410389462
7426493.153018699,2012-08-23,-0.00738827789602492
7468964.0730187,2012-08-24,0.005718839178184387
7361021.8330187,2012-08-27,-0.014452103256184734
7331348.833018699,2012-08-28,-0.004031097947149065
7200064.353018701,2012-08-29,-0.017907275044494186
7164963.753018698,2012-08-30,-0.00487503976062198
7178906.793018699,2012-08-31,0.0019460028662567908
7265491.6330186995,2012-09-03,0.012061006291961052
7448493.633018701,2012-09-04,0.025187834388017416
7493439.953018701,2012-09-05,0.006034283200667012
7481229.833018697,2012-09-06,-0.0016294412281351311
7829499.353018698,2012-09-07,0.04655244228200295
7858361.753018698,2012-09-10,0.003686365972924044
7798078.433018698,2012-09-11,-0.007671232490263247
7821664.153018697,2012-09-12,0.003024555369965487
7812715.5930186985,2012-09-13,-0.0011440736683311359
7912730.633018699,2012-09-14,0.012801571849021531
7734654.4330187,2012-09-17,-0.02250502490972106
7688993.0730187,2012-09-18,-0.005903477704844229
7578798.553018699,2012-09-19,-0.014331463034695902
7458765.3130187,2012-09-20,-0.015838030152178773
7508061.153018697,2012-09-21,0.006609115306785984
7563030.953018701,2012-09-24,0.007321437436335065
7658797.713018698,2012-09-25,0.012662484207045743
7577694.473018698,2012-09-26,-0.01058955243877735
7781972.073018701,2012-09-27,0.026957750900007627
7961836.193018699,2012-09-28,0.02311292283142663
7817396.353018702,2012-10-08,-0.018141523701109108
7977261.793018696,2012-10-09,0.020449959651625216
7974497.553018697,2012-10-10,-0.00034651489091386267
7891792.113018697,2012-10-11,-0.010371241504575024
7912503.473018698,2012-10-12,0.0026244178386092276
7937762.4330187,2012-10-15,0.003192284222829578
7997154.753018698,2012-10-16,0.007482249626537429
7995684.033018698,2012-10-17,-0.00018390540703794311
8141801.753018699,2012-10-18,0.018274574057278725
8163349.8730187,2012-10-19,0.002646603375231038
8133409.993018698,2012-10-22,-0.0036675973057284095
7967099.0330187,2012-10-23,-0.020447876123637077
7982693.233018699,2012-10-24,0.001957324734557897
7943501.633018699,2012-10-25,-0.004909571100376597
7784980.153018699,2012-10-26,-0.01995612103119293
7778700.2730187,2012-10-29,-0.0008066661541280551
7847299.473018699,2012-10-30,0.008818851169512643
7927973.353018701,2012-10-31,0.010280464034459591
8074516.9530187,2012-11-01,0.018484370907250858
8099869.7130187,2012-11-02,0.0031398485070393
8006306.473018701,2012-11-05,-0.011551203082886263
7881697.393018696,2012-11-06,-0.015563865862484483
7902258.353018698,2012-11-07,0.0026086969563452467
7775183.873018698,2012-11-08,-0.016080780243214576
7799091.913018697,2012-11-09,0.003074916348019041
7772296.913018701,2012-11-12,-0.0034356563942102847
7640356.433018698,2012-11-13,-0.016975738507750582
7671127.993018696,2012-11-14,0.004027503202208571
7556502.233018699,2012-11-15,-0.014942490870223368
7509600.513018698,2012-11-16,-0.006206802903472974
7358834.273018695,2012-11-19,-0.020076466083466582
7379419.4330186965,2012-11-20,0.002797339800880927
7502100.233018699,2012-11-21,0.016624722461373587
7448017.2330187,2012-11-22,-0.007209047909272903
7557730.753018699,2012-11-23,0.014730567420496055
7462316.7530187,2012-11-26,-0.012624688959961827
7456438.0330187,2012-11-27,-0.0007877875188856409
7380916.153018699,2012-11-28,-0.010128412475980286
7371403.713018699,2012-11-29,-0.0012887885193100246
7406887.913018697,2012-11-30,0.0048137642953036686
7186311.073018699,2012-12-03,-0.029779961920620046
7166763.393018699,2012-12-04,-0.0027201271697508966
7269408.713018699,2012-12-05,0.01432240948542951
7232329.033018698,2012-12-06,-0.0051007834975072
7358674.4730187,2012-12-07,0.017469537049984885
7406982.7930187015,2012-12-10,0.0065648127495145925
7442164.513018698,2012-12-11,0.004749804472768071
7606301.313018699,2012-12-12,0.022054981412043873
7484244.9530187,2012-12-13,-0.016046742690970173
7711094.473018701,2012-12-14,0.03031027464012981
7754287.1930187,2012-12-17,0.00560137346924372
7796842.033018699,2012-12-18,0.005487911260020351
7870053.3930186955,2012-12-19,0.00938987345003972
7879156.153018698,2012-12-20,0.0011566325595804283
7831192.433018699,2012-12-21,-0.006087418381932053
7677771.353018699,2012-12-24,-0.019591024139967494
7798341.193018697,2012-12-25,0.015703754964335292
7832029.193018699,2012-12-26,0.004319893060098501
7821201.313018697,2012-12-27,-0.0013825127222014677
7986982.753018698,2012-12-28,0.021196416428260312
8059700.473018699,2012-12-31,0.00910452948862539
8077006.073018698,2013-01-04,0.0021471765679050847
8083623.273018701,2013-01-07,0.0008192639624362563
8149988.153018699,2013-01-08,0.008209793771749574
8216037.513018698,2013-01-09,0.008104227731366098
8215069.553018698,2013-01-10,-0.00011781348350314857
8057740.473018699,2013-01-11,-0.019151277902715536
8223727.7930187,2013-01-14,0.020599735193235436
8230088.113018699,2013-01-15,0.0007734108132080308
8104793.913018701,2013-01-16,-0.015223919632379457
8001040.073018699,2013-01-17,-0.012801539571949183
8099581.9530187,2013-01-18,0.012316133790193806
8024026.313018698,2013-01-21,-0.009328338232548194
7999935.313018699,2013-01-22,-0.003002358050709808
7995526.513018698,2013-01-23,-0.0005511044561605782
7903431.6730187,2013-01-24,-0.011518295868326422
7770453.513018698,2013-01-25,-0.016825369725656292
7773764.4330187,2013-01-28,0.00042609096038659366
7807536.4330187,2013-01-29,0.004344355979781778
7866297.393018698,2013-01-30,0.007526184540297853
7768259.233018701,2013-01-31,-0.012463063001788566
7837166.873018699,2013-02-01,0.008870409435759896
7750683.593018701,2013-02-04,-0.011035018317363754
7943090.393018699,2013-02-05,0.02482449421278221
7897331.5130187,2013-02-06,-0.005760840898929809
7901819.553018699,2013-02-07,0.0005682982907075917
8001046.913018698,2013-02-08,0.01255753302568019
7851008.3130187,2013-02-18,-0.018752370987334954
7668953.273018699,2013-02-19,-0.02318874630384915
7702693.113018699,2013-02-20,0.004399536520675484
7588481.5530187,2013-02-21,-0.014827484144079972
7631237.833018699,2013-02-22,0.0056343656766206784
7561769.7530187,2013-02-25,-0.009103120819983657
7422177.433018698,2013-02-26,-0.01846027114807025
7471793.5130187,2013-02-27,0.006684841537104358
7581650.8730187,2013-02-28,0.014702943785663614
7543698.993018701,2013-03-01,-0.005005754107599514
7299184.633018701,2013-03-04,-0.032413058928555394
7378296.713018699,2013-03-05,0.010838481827425639
7447646.473018699,2013-03-06,0.009399155753337496
7517432.513018701,2013-03-07,0.009370213832359253
7524300.153018698,2013-03-08,0.0009135619093492142
7521132.433018697,2013-03-11,-0.00042099862254030285
7470649.633018697,2013-03-12,-0.00671212752196404
7403693.633018699,2013-03-13,-0.00896254051375489
7312167.7530187005,2013-03-14,-0.01236219170277586
7231108.153018701,2013-03-15,-0.011085577182845086
7056529.273018697,2013-03-18,-0.02414275603485805
7071517.033018697,2013-03-19,0.002123956327554133
7274296.5930187,2013-03-20,0.02867553865078376
7224599.993018698,2013-03-21,-0.006831808321879129
7278185.633018701,2013-03-22,0.00741710822077124
7251432.7930187,2013-03-25,-0.0036757567543527214
7218056.633018697,2013-03-26,-0.0046026986600683495
7186643.513018701,2013-03-27,-0.004352019054034262
7113969.953018701,2013-03-28,-0.010112309017186072
7111443.6730187,2013-03-29,-0.00035511535987420295
7045897.7130187,2013-04-01,-0.009216969579424084
7060708.273018701,2013-04-02,0.002102011780931168
7055796.3130187,2013-04-03,-0.0006956752509902353
7045501.033018699,2013-04-08,-0.001459123753474234
7083545.6730187,2013-04-09,0.005399848757626335
7178166.753018696,2013-04-10,0.013357869683879864
7154161.993018697,2013-04-11,-0.0033441351846422718
7160229.193018697,2013-04-12,0.0008480657840737038
7147968.353018699,2013-04-15,-0.0017123530084697247
7240813.993018701,2013-04-16,0.012989095000790263
7320081.793018701,2013-04-17,0.010947360348771085
7326837.633018696,2013-04-18,0.0009229186491384045
7410834.5130186975,2013-04-19,0.011464274794553475
7292509.5930186985,2013-04-22,-0.01596647716153099
7104404.393018699,2013-04-23,-0.025794302715772544
7203411.8330187,2013-04-24,0.013936064801898462
7174214.113018698,2013-04-25,-0.004053318160453623
7122780.793018699,2013-04-26,-0.00716919221948864
7075701.353018698,2013-05-02,-0.006609699409273473
7160885.451927799,2013-05-03,0.012038961886479127
7277976.5719278,2013-05-06,0.01635148624929883
7459871.531927797,2013-05-07,0.024992517934392833
7499708.731927797,2013-05-08,0.005340199201755658
7553985.8519278,2013-05-09,0.007237230396553107
7580441.811927801,2013-05-10,0.0035022517275762333
7561069.131927797,2013-05-13,-0.002555613575124571
7396368.891927799,2013-05-14,-0.021782665536613677
7459423.011927799,2013-05-15,0.008525010166652969
7537419.291927799,2013-05-16,0.01045607413271532
7612793.9719277965,2013-05-17,0.010000064621682903
7618229.851927797,2013-05-20,0.0007140453321139439
7612385.491927797,2013-05-21,-0.0007671545901862808
7707721.331927799,2013-05-22,0.01252377984550268
7669411.091927801,2013-05-23,-0.004970371702633369
7641773.691927798,2013-05-24,-0.0036035882897308413
7645913.371927799,2013-05-27,0.00054171716762208
7745283.931927796,2013-05-28,0.01299655844452019
7744737.6119278,2013-05-29,-7.053582603278041e-05
7710417.051927799,2013-05-30,-0.004431468400832972
7617192.0919278,2013-05-31,-0.012090780482061025
7694359.651927797,2013-06-03,0.010130709462056853
7639101.251927799,2013-06-04,-0.0071816762537417755
7617894.651927797,2013-06-05,-0.002776059552116794
7565241.811927799,2013-06-06,-0.006911731181091341
7411249.2519278,2013-06-07,-0.020355272683710623
7211385.811927798,2013-06-13,-0.026967577692521005
7197643.491927797,2013-06-14,-0.0019056420441784239
7096100.531927798,2013-06-17,-0.014107806272133372
7198173.931927799,2013-06-18,0.014384435443204113
7227953.9719278,2013-06-19,0.004137165937031728
7138495.571927797,2013-06-20,-0.01237672519048194
7119657.531927797,2013-06-21,-0.002638936987518936
6809384.011927798,2013-06-24,-0.04357983773918761
6841960.371927799,2013-06-25,0.004784039193991285
6804966.0919277975,2013-06-26,-0.005406970807926181
6775629.4919278,2013-06-27,-0.0043110574841508376
6912090.691927797,2013-06-28,0.020140003251738037
6970508.331927799,2013-07-01,0.008451515265594622
7043025.6519278,2013-07-02,0.010403447861591752
7010381.771927799,2013-07-03,-0.004634922775137884
7043191.771927802,2013-07-04,0.0046802016020564
7074618.411927799,2013-07-05,0.004461988402084227
6929342.331927799,2013-07-08,-0.020534829094819407
6888803.0519277975,2013-07-09,-0.005850379164154096
7020330.091927801,2013-07-10,0.019092872739800093
7213379.531927798,2013-07-11,0.02749862719731233
6994665.4919278,2013-07-12,-0.030320606177995812
6997783.211927796,2013-07-15,0.00044572824870514616
7079930.051927799,2013-07-16,0.011738980404534916
6977470.531927799,2013-07-17,-0.014471826592707848
6900033.371927796,2013-07-18,-0.011098170840803001
6631671.011927797,2013-07-19,-0.038892907546187794
6624554.931927799,2013-07-22,-0.0010730447857257852
6797766.491927801,2013-07-23,0.026146897682920445
6679776.651927796,2013-07-24,-0.017357148136835088
6731387.771927799,2013-07-25,0.007726473906146003
6661768.1319277985,2013-07-26,-0.010342538917508026
6472687.451927798,2013-07-29,-0.028382957235301487
6477553.731927797,2013-07-30,0.0007518175465972554
6523781.451927799,2013-07-31,0.007136601549462274
6656738.611927797,2013-08-01,0.020380382295104083
6740599.691927796,2013-08-02,0.01259792293026707
6778507.0919277975,2013-08-05,0.005623742950556343
6801851.291927796,2013-08-06,0.003443855657803807
6821068.4919278,2013-08-07,0.002825289641778861
6759727.771927798,2013-08-08,-0.008992831558954917
6746047.891927797,2013-08-09,-0.0020237323841370003
6970755.291927798,2013-08-12,0.033309487806761906
7005880.051927795,2013-08-13,0.005038874344172051
6973518.451927797,2013-08-14,-0.004619205547359173
6904058.971927802,2013-08-15,-0.009960464072593544
6807060.0519277975,2013-08-16,-0.014049549749561296
6851311.531927797,2013-08-19,0.006500821156626424
6751352.851927798,2013-08-20,-0.014589714616563776
6730689.3319278,2013-08-21,-0.003060648799314114
6716306.651927797,2013-08-22,-0.002136880680523534
6693450.251927799,2013-08-23,-0.003403120373224433
6805815.531927797,2013-08-26,0.01678734819424932
6786814.251927796,2013-08-27,-0.0027919181633503376
6771046.891927796,2013-08-28,-0.0023232343504201447
6700648.491927796,2013-08-29,-0.010396974223281008
6699620.811927798,2013-08-30,-0.0001533702299465478
6443266.131927798,2013-09-02,-0.03826405810066069
6504641.5719278,2013-09-03,0.009525516833128078
6535547.011927799,2013-09-04,0.004751290237632544
6475693.971927796,2013-09-05,-0.009158076575804253
6505691.171927799,2013-09-06,0.004632275726746959
6650441.891927797,2013-09-09,0.022249860341450267
6730590.811927799,2013-09-10,0.012051668340608446
6776166.8519278,2013-09-11,0.0067714768693458716
6773623.451927797,2013-09-12,-0.0003753449487861049
6721352.611927799,2013-09-13,-0.007716821044299604
6624661.131927798,2013-09-16,-0.01438571751590767
6426370.851927797,2013-09-17,-0.029932139327751073
6445894.891927797,2013-09-18,0.0030381128711460814
6478442.891927798,2013-09-23,0.0050494152550890625
6347868.011927797,2013-09-24,-0.0201552876483172
6271980.771927797,2013-09-25,-0.01195476022144859
6190078.851927796,2013-09-26,-0.01305838186981989
6166033.531927797,2013-09-27,-0.0038844933279825744
6193455.891927799,2013-09-30,0.004447325798344837
6283290.451927801,2013-10-08,0.014504754949024035
6312585.4119278,2013-10-09,0.004662359670323912
6268847.211927798,2013-10-10,-0.006928730012485507
6326834.811927798,2013-10-11,0.009250121759175611
6349956.171927798,2013-10-14,0.0036544908611189086
6407429.931927796,2013-10-15,0.009051048297637365
6361816.251927798,2013-10-16,-0.007118873009084203
6340233.291927798,2013-10-17,-0.003392578336958385
6344136.251927798,2013-10-18,0.0006155861811849572
6416007.051927802,2013-10-21,0.011328697421680634
6365191.611927799,2013-10-22,-0.007920103514339916
6315219.771927797,2013-10-23,-0.00785079900915453
6273538.771927796,2013-10-24,-0.006600087012851086
6105479.4519278,2013-10-25,-0.026788599881140684
6061375.731927799,2013-10-28,-0.00722362925749831
6057025.0519277975,2013-10-29,-0.0007177710461149234
6145038.531927799,2013-10-30,0.014530809967838731
6160624.811927797,2013-10-31,0.0025364006944816886
6201501.211927799,2013-11-01,0.0066351062185865395
6199833.211927799,2013-11-04,-0.00026896713279545015
6225733.651927798,2013-11-05,0.004177602705532468
6202229.491927799,2013-11-06,-0.003775323731159186
6175043.571927799,2013-11-07,-0.004383249609738349
6083598.2519278,2013-11-08,-0.014808854210473399
6115534.1319277985,2013-11-11,0.005249505091806217
6232725.571927799,2013-11-12,0.019162911607045308
6175289.051927799,2013-11-13,-0.009215313483188381
6231030.211927799,2013-11-14,0.009026485971955989
6315137.531927799,2013-11-15,0.013498140297730776
6488562.851927801,2013-11-18,0.02746184372441718
6469790.811927796,2013-11-19,-0.0028930967347302605
6543894.531927796,2013-11-20,0.011453804636678777
6421385.411927801,2013-11-21,-0.01872113301983569
6429883.011927797,2013-11-22,0.001323328137914359
6464685.2119278,2013-11-25,0.005412571260696719
6425788.171927798,2013-11-26,-0.006016849811686931
6478579.291927799,2013-11-27,0.008215508913074432
6565200.011927797,2013-11-28,0.013370326439922753
6611295.291927797,2013-11-29,0.007021153950565573
6493481.411927798,2013-12-02,-0.01782009043581012
6572833.331927797,2013-12-03,0.012220242881459287
6639647.571927797,2013-12-04,0.0101652113519215
6600468.611927797,2013-12-05,-0.005900758974865972
6573406.9719278,2013-12-06,-0.004099957380464425
6570589.531927797,2013-12-09,-0.00042861183128251046
6553892.571927796,2013-12-10,-0.0025411661950373032
6447604.491927799,2013-12-11,-0.016217549926780817
6440025.011927798,2013-12-12,-0.001175549773483997
6428337.1319277985,2013-12-13,-0.0018148811500502404
6266124.131927796,2013-12-16,-0.02523405301727799
6267470.931927796,2013-12-17,0.00021493350141899015
6246641.371927799,2013-12-18,-0.0033234394265616585
6182670.131927798,2013-12-19,-0.010240901660768631
6003164.731927797,2013-12-20,-0.029033636951293906
6026538.771927797,2013-12-23,0.003893619622944211
6044583.5719278,2013-12-24,0.0029942228338524224
6075943.571927798,2013-12-25,0.005188115877103661
5982125.491927799,2013-12-26,-0.015440907060667808
6077185.651927797,2013-12-27,0.015890699740129355
6042771.651927797,2013-12-30,-0.005662818608986098
6142907.411927797,2013-12-31,0.01657116399029479
6069953.451927796,2014-01-02,-0.011876128860146107
5941959.331927799,2014-01-03,-0.021086507666602805
5784487.691927798,2014-01-06,-0.026501635437634508
5777165.011927798,2014-01-07,-0.001265916774309761
5770042.691927798,2014-01-08,-0.001232839980387479
5737685.531927799,2014-01-09,-0.005607785198065596
5707674.971927796,2014-01-10,-0.005230429557877891
5713204.6519278,2014-01-13,0.0009688148023847543
5770511.611927797,2014-01-14,0.0100306156511758
5815937.0519277975,2014-01-15,0.007871995250144703
5901575.1319278,2014-01-16,0.014724726082036454
5859316.611927799,2014-01-17,-0.007160549354253032
5912313.491927798,2014-01-20,0.009044890984746035
5961916.931927797,2014-01-21,0.008389852816114152
6171707.0519277975,2014-01-22,0.03518836682821136
6130575.691927798,2014-01-23,-0.006664502973638631
6215598.131927801,2014-01-24,0.013868589880058568
6229208.291927799,2014-01-27,0.002189678243528226
6192280.771927798,2014-01-28,-0.00592812413221977
6241795.651927798,2014-01-29,0.007996226563961928
6217317.2519278,2014-01-30,-0.003921691988176268
6281460.531927799,2014-02-07,0.010316874208101678
6340956.571927797,2014-02-10,0.009471688900628772
6343972.091927799,2014-02-11,0.00047556231710399466
6349932.771927799,2014-02-12,0.0009395816869346429
6319148.171927795,2014-02-13,-0.00484801983039862
6440142.0919277975,2014-02-14,0.019147188308941132
6663083.811927799,2014-02-17,0.03461751570348759
6560172.171927799,2014-02-18,-0.015445046603762558
6619125.731927798,2014-02-19,0.00898658731127111
6591856.811927795,2014-02-20,-0.004119716274381902
6548179.331927798,2014-02-21,-0.0066259752367442415
6388322.9719278,2014-02-24,-0.02441233691028666
6165391.411927801,2014-02-25,-0.03489672657121867
6147052.131927798,2014-02-26,-0.0029745524289865877
6218055.011927798,2014-02-27,0.0115507203251477
6361149.971927798,2014-02-28,0.02301281666461752
6458289.091927798,2014-03-03,0.015270685399445316
6451031.771927797,2014-03-04,-0.0011237217623274454
6485766.0519277975,2014-03-05,0.005384298392568709
6528912.091927798,2014-03-06,0.006652420030965667
6572281.891927798,2014-03-07,0.006642729966240601
6328358.611927798,2014-03-10,-0.03711394063903306
6421064.651927798,2014-03-11,0.014649302557738553
6367199.2119278,2014-03-12,-0.00838886429586494
6521938.571927798,2014-03-13,0.02430257870840946
6473454.0519278,2014-03-14,-0.007434065725287264
6559584.1719278,2014-03-17,0.013305125719452748
6611883.531927799,2014-03-18,0.007972968808574343
6642111.851927797,2014-03-19,0.0045718167681010335
6502770.051927798,2014-03-20,-0.020978538619393583
6683328.331927797,2014-03-21,0.02776636395845955
6724116.5319278,2014-03-24,0.006102977135680865
6658396.2919278,2014-03-25,-0.009773810386530912
6517450.411927801,2014-03-26,-0.02116814227036512
6460686.1319277985,2014-03-27,-0.008709583719442748
6433088.691927799,2014-03-28,-0.004271595839274278
6451824.731927796,2014-03-31,0.0029124485759861596
6602435.571927799,2014-04-01,0.023343913738803623
6718861.531927795,2014-04-02,0.01763378964196427
6666935.091927799,2014-04-03,-0.007728458125419446
6679620.971927801,2014-04-04,0.0019028053858454186
6830285.491927799,2014-04-08,0.02255584869758187
6821499.771927798,2014-04-09,-0.0012862888396661942
7040275.091927798,2014-04-10,0.03207143990538808
7103321.171927797,2014-04-11,0.008955059166975587
7067584.851927801,2014-04-14,-0.005030931184869525
6983780.451927796,2014-04-15,-0.011857572530897365
6942038.771927797,2014-04-16,-0.005976946195162314
6957143.4919278,2014-04-17,0.0021758334253452194
6971329.1319277985,2014-04-18,0.0020390035100552595
6816704.251927797,2014-04-21,-0.022180114734769774
6872399.411927798,2014-04-22,0.008170394070455611
6974654.531927797,2014-04-23,0.014879100277920942
6943125.051927796,2014-04-24,-0.00452057945747264
6706697.891927799,2014-04-25,-0.03405198066169801
6610948.9719278,2014-04-28,-0.014276611462586186
6672943.6919278,2014-04-29,0.009377582592642764
6685311.011927796,2014-04-30,0.001853352968489208
6634140.451927799,2014-05-05,-0.007654177929598105
6630585.131927798,2014-05-06,-0.0005359126816448789
6577113.131927797,2014-05-07,-0.008064446641748213
6610374.371927798,2014-05-08,0.005057118424577345
6592488.251927801,2014-05-09,-0.002705765058625631
6677777.291927796,2014-05-12,0.012937306331195053
6690223.011927798,2014-05-13,0.0018637518826880584
6611428.571927798,2014-05-14,-0.011777550592785957
6575116.811927797,2014-05-15,-0.005492271391115189
6573506.771927798,2014-05-16,-0.0002448686534478606
6360104.931927798,2014-05-19,-0.032463926394863396
6322301.0919277975,2014-05-20,-0.005943901933162299
6445936.5719278,2014-05-21,0.019555455869992855
6240448.4919278,2014-05-22,-0.03187870027994155
6320900.811927799,2014-05-23,0.012892073398901749
6336507.371927799,2014-05-26,0.0024690404840002067
6303709.331927798,2014-05-27,-0.0051760438479570015
6353424.651927799,2014-05-28,0.007886677094738115
6339411.171927798,2014-05-29,-0.002205657699229868
6327588.971927797,2014-05-30,-0.0018648735157534846
6323702.731927795,2014-06-03,-0.0006141739005557367
6251255.091927797,2014-06-04,-0.011456522083844511
6343881.9719277965,2014-06-05,0.014817325263147385
6298972.1319277985,2014-06-06,-0.007079236372733222
6327149.571927796,2014-06-09,0.004473339365509199
6395714.8119278,2014-06-10,0.010836671272039133
6380705.611927799,2014-06-11,-0.0023467587973137194
6408694.851927796,2014-06-12,0.0043865430725522625
6438213.171927797,2014-06-13,0.0046059799509912125
6525586.011927797,2014-06-16,0.013570976553085812
6442237.651927798,2014-06-17,-0.0127725479133447
6438645.651927798,2014-06-18,-0.0005575702409744698
6350146.491927799,2014-06-19,-0.013744996197065373
6374050.371927801,2014-06-20,0.0037643037102195187
6417737.011927797,2014-06-23,0.006853827229291953
6584872.651927798,2014-06-24,0.026042768609771283
6219879.691927798,2014-06-25,-0.055429008166641425
6228984.051927798,2014-06-26,0.0014637517847517767
6242064.291927799,2014-06-27,0.0020998994203480503
6341758.3719278,2014-06-30,0.01597133181228605
6301895.891927802,2014-07-01,-0.0062857140972844006
6325242.611927802,2014-07-02,0.0037047136925738577
6371939.011927798,2014-07-03,0.007382546862619854
6377329.131927798,2014-07-04,0.0008459151900088724
6389467.011927799,2014-07-07,0.0019032858033363187
6325309.2919278,2014-07-08,-0.010041169299447206
6271718.931927798,2014-07-09,-0.008472369891602272
6256651.491927801,2014-07-10,-0.0024024418446580986
6292013.931927798,2014-07-11,0.005651975349054039
6459676.4919278,2014-07-14,0.026646883146463685
6523239.211927799,2014-07-15,0.009839923110612325
6506942.011927797,2014-07-16,-0.002498329353030848
6471412.571927802,2014-07-17,-0.0054602361500789565
6630354.051927797,2014-07-18,0.024560554320004924
6645541.371927799,2014-07-21,0.002290574512470611
6729454.0119277965,2014-07-22,0.012626908073202658
6749183.731927798,2014-07-23,0.002931845579898562
6836132.651927798,2014-07-24,0.012882879390092361
6875543.2119278,2014-07-25,0.00576503734006506
6975542.131927798,2014-07-28,0.014544148282933822
6929935.8119278,2014-07-29,-0.006538032333179178
6826378.651927796,2014-07-30,-0.014943451542763442
6905572.491927798,2014-07-31,0.011601149604796301
6881235.851927797,2014-08-01,-0.003524203102414525
7003651.171927797,2014-08-04,0.017789728856002496
7010380.2519278005,2014-08-05,0.00096079599551957
6969610.731927799,2014-08-06,-0.005815593239580696
6848905.571927798,2014-08-07,-0.017318780724302263
6891030.491927798,2014-08-08,0.00615060604319928
6969511.611927798,2014-08-11,0.011388880094484133
6937483.531927801,2014-08-12,-0.004595455432656714
6918928.091927799,2014-08-13,-0.0026746643670727543
6914822.811927798,2014-08-14,-0.0005933404633574613
6973251.0119277965,2014-08-15,0.008449703136168774
6987332.811927798,2014-08-18,0.002019402424481065
6948531.891927798,2014-08-19,-0.005553037338333788
6963855.251927798,2014-08-20,0.0022052658372051503
6901640.491927799,2014-08-21,-0.00893395364338967
6906090.491927799,2014-08-22,0.0006447742395745415
6863143.331927798,2014-08-25,-0.006218736932306346
6865091.891927797,2014-08-26,0.00028391655335746613
6955886.451927801,2014-08-27,0.013225541832406096
6906901.011927797,2014-08-28,-0.007042300120702394
7019156.491927797,2014-08-29,0.0162526551062685
7054307.3319278,2014-09-01,0.005007843896973618
7202299.091927797,2014-09-02,0.020978921534958728
7269890.0519277975,2014-09-03,0.009384636646894595
7318137.811927797,2014-09-04,0.006636656078066183
7390826.811927801,2014-09-05,0.00993271811327845
7319907.2519278005,2014-09-09,-0.00959561924594765
7288604.211927798,2014-09-10,-0.004276425769159653
7212827.3719278,2014-09-11,-0.010396618858243056
7272585.0919277975,2014-09-12,0.008284923084749485
7202504.0119277965,2014-09-15,-0.009636336889036534
7048467.851927799,2014-09-16,-0.021386473335509915
7104210.931927797,2014-09-17,0.007908538588957681
7110962.7719278,2014-09-18,0.0009503997086655058
7180771.571927798,2014-09-19,0.009817067285963654
7010163.691927798,2014-09-22,-0.023758990004217218
7077046.211927799,2014-09-23,0.009540792902884121
7220805.531927798,2014-09-24,0.020313463512178886
7257442.171927799,2014-09-25,0.005073760792754678
7244571.811927799,2014-09-26,-0.0017734016606818503
7247968.651927797,2014-09-29,0.00046888071347495064
7224233.051927799,2014-09-30,-0.0032747934131426293
7238150.331927801,2014-10-08,0.0019264716268099225
7219746.051927798,2014-10-09,-0.0025426772249838026
7171893.3719278,2014-10-10,-0.00662802814057728
7157366.811927799,2014-10-13,-0.0020254846588851905
7107030.731927798,2014-10-14,-0.007032765166669286
7153110.531927797,2014-10-15,0.006483692239149796
7088931.891927799,2014-10-16,-0.008972130335961892
7086679.451927798,2014-10-17,-0.0003177403922537403
7071245.931927798,2014-10-20,-0.0021778210944479737
7056329.2119277995,2014-10-21,-0.0021094896350086767
7097949.731927798,2014-10-22,0.005898324574999281
7051892.491927798,2014-10-23,-0.006488808985618322
7027558.531927798,2014-10-24,-0.0034506992311432727
6981292.771927802,2014-10-27,-0.006583475582565446
7127523.0919277975,2014-10-28,0.02094602314746008
7166844.531927798,2014-10-29,0.005516844981468205
7119169.1719278,2014-10-30,-0.006652210716669993
7189822.331927797,2014-10-31,0.009924354695572513
7189441.731927799,2014-11-03,-5.2935939502618545e-05
7108677.731927799,2014-11-04,-0.011233695606897132
7009506.531927798,2014-11-05,-0.013950723853268121
7043652.971927799,2014-11-06,0.0048714470618533845
7051058.531927799,2014-11-07,0.0010513805875322912
7244790.891927798,2014-11-10,0.027475642007900314
7158216.491927799,2014-11-11,-0.011949882514409205
7246071.971927799,2014-11-12,0.01227337565147324
7196179.691927798,2014-11-13,-0.006885424295161591
7301522.331927801,2014-11-14,0.014638689486613066
7342143.651927799,2014-11-17,0.00556340419892587
7203382.691927797,2014-11-18,-0.018899243406054533
7123763.451927796,2014-11-19,-0.011053034859472843
7085058.1719278,2014-11-20,-0.005433262946079598
7204144.411927799,2014-11-21,0.016808082179457395
7360137.131927797,2014-11-24,0.021653191701949126
7423479.131927797,2014-11-25,0.008606089650860849
7524183.0919277975,2014-11-26,0.013565601547511852
7525356.251927801,2014-11-27,0.00015591858752905807
7576588.131927799,2014-11-28,0.00680790095311079
7614515.171927798,2014-12-01,0.005005820474808909
7756728.651927797,2014-12-02,0.018676629672272904
7948896.971927799,2014-12-03,0.024774402795725292
8361544.531927797,2014-12-04,0.05191255610146883
8502719.411927797,2014-12-05,0.016883828036905912
8837491.5719278,2014-12-08,0.039372363567634405
8552799.571927797,2014-12-09,-0.032214118416171944
8884094.251927799,2014-12-10,0.03873523250648647
8736027.011927798,2014-12-11,-0.016666554383736987
8716622.651927799,2014-12-12,-0.002221188186976253
8805791.5319278,2014-12-15,0.01022975108143287
8918851.411927797,2014-12-16,0.012839263749325314
9024648.7719278,2014-12-17,0.01186221802714571
9065643.2919278,2014-12-18,0.004542505867654034
9182443.451927796,2014-12-19,0.01288382481406436
9189612.811927797,2014-12-22,0.0007807682168188279
9128040.8919278,2014-12-23,-0.00670016476864832
8864338.131927798,2014-12-24,-0.028889305287096323
9040318.731927799,2014-12-25,0.01985264972758083
9260983.211927798,2014-12-26,0.02440892700173003
9301795.0119278,2014-12-29,0.004406853901585572
9384349.8119278,2014-12-30,0.008875147204828515
9603466.2519278,2014-12-31,0.02334913386556603
10128228.9719278,2015-01-05,0.05464305348026377
10102624.0519278,2015-01-06,-0.002528074757291554
10119416.571927799,2015-01-07,0.0016621938927634528
9948441.851927802,2015-01-08,-0.016895709232318423
9829417.651927799,2015-01-09,-0.011964104708209966
9689518.011927798,2015-01-12,-0.014232749584362492
9667796.811927794,2015-01-13,-0.0022417214120729057
9612251.771927794,2015-01-14,-0.005745366920772432
9846034.251927804,2015-01-15,0.024321302182571003
9845737.571927799,2015-01-16,-3.0131928491661242e-05
9059999.811927801,2015-01-19,-0.07980486522820762
9108869.611927796,2015-01-20,0.005394017772015536
9458859.971927805,2015-01-21,0.03842302886207816
9531580.251927793,2015-01-22,0.007688059683282011
9522717.171927799,2015-01-23,-0.0009298646987945247
9568088.411927806,2015-01-26,0.00476452667666738
9434065.211927798,2015-01-27,-0.014007312038727848
9286718.9719278,2015-01-28,-0.0156185310033371
9178677.1319278,2015-01-29,-0.011634016311529605
9138908.611927798,2015-01-30,-0.004332707145964121
8971113.131927803,2015-02-02,-0.018360560010523996
9154018.571927799,2015-02-03,0.02038826590526921
9078462.3319278,2015-02-04,-0.008253887558378303
8948286.371927802,2015-02-05,-0.014338987731676411
8832056.9719278,2015-02-06,-0.01298901210455583
9031993.771927802,2015-02-09,0.022637625712276455
9121255.451927798,2015-02-10,0.009882832324068724
9154646.9719278,2015-02-11,0.003660846927924233
9139086.3319278,2015-02-12,-0.0016997531469771232
9175760.131927801,2015-02-13,0.0040128519053244105
9203828.011927798,2015-02-16,0.0030589160567016105
9237225.5719278,2015-02-17,0.00362865972253279
9230788.651927799,2015-02-25,-0.000696845600432594
9439411.491927797,2015-02-26,0.022600760115597307
9518678.891927797,2015-02-27,0.008397493855182292
9545412.051927801,2015-03-02,0.002808494782051696
9277027.2519278,2015-03-03,-0.02811662802401471
9327938.731927799,2015-03-04,0.005487908854576062
9163341.2119278,2015-03-05,-0.01764564763237697
9117244.4519278,2015-03-06,-0.005030562426290075
9321096.1719278,2015-03-09,0.02235891788081834
9213431.0119278,2015-03-10,-0.011550697258574938
9276994.651927799,2015-03-11,0.006899019476860335
9428340.331927799,2015-03-12,0.016314085075876283
9402942.331927799,2015-03-13,-0.0026937932982746826
9585594.371927798,2015-03-16,0.01942498779130042
9774324.491927799,2015-03-17,0.019688932441447093
10035916.851927804,2015-03-18,0.02676321624231348
9901805.2919278,2015-03-19,-0.013363159737044161
9977991.8519278,2015-03-20,0.007694209061261725
10163478.0119278,2015-03-23,0.018589528108720943
10126241.771927798,2015-03-24,-0.0036637300692048402
9962653.6119278,2015-03-25,-0.016154874007995867
10120558.211927798,2015-03-26,0.015849652728159302
10078165.971927797,2015-03-27,-0.004188725474651989
10381849.691927802,2015-03-30,0.030132835760583676
10342405.811927801,2015-03-31,-0.0037993114108240134
10493688.331927802,2015-04-01,0.014627401278871632
10450565.251927802,2015-04-02,-0.004109430224718547
10547106.131927803,2015-04-03,0.009237862036428401
10671710.811927801,2015-04-07,0.011814110756200646
10775694.3719278,2015-04-08,0.009743850993767289
10700736.691927804,2015-04-09,-0.006956180958070934
10909619.811927801,2015-04-10,0.019520442938995908
11082451.851927798,2015-04-13,0.015842168927924893
11132774.2919278,2015-04-14,0.00454073166049862
11060005.251927806,2015-04-15,-0.0065364695350697
11701741.371927803,2015-04-16,0.058023129770950144
12110599.211927798,2015-04-17,0.03493991424052778
12279999.891927801,2015-04-20,0.013987803331247273
12771510.851927806,2015-04-21,0.04002532282782001
13167508.5719278,2015-04-22,0.031006333126219143
12917870.771927802,2015-04-23,-0.018958620656014502
12984325.8119278,2015-04-24,0.005144426753703968
13295030.811927801,2015-04-27,0.023929236257655973
13009545.251927797,2015-04-28,-0.0214731025477487
13080630.211927801,2015-04-29,0.005464061857924696
13116644.451927803,2015-04-30,0.0027532496077415924
13192394.7319278,2015-05-04,0.005775126426398103
12552586.051927803,2015-05-05,-0.048498297162952064
12457339.611927802,2015-05-06,-0.007587794228693934
12440035.491927803,2015-05-07,-0.0013890702621152107
12673740.931927798,2015-05-08,0.018786557333509535
12933275.171927802,2015-05-11,0.020478108349696766
13152197.891927801,2015-05-12,0.016927090554384794
12970189.851927796,2015-05-13,-0.013838602604338335
12829488.411927799,2015-05-14,-0.010848063259388918
12634192.7319278,2015-05-15,-0.015222405892539537
12542491.6519278,2015-05-18,-0.007258166939963062
12886837.051927797,2015-05-19,0.027454305695875814
13068062.651927799,2015-05-20,0.014062845620670839
13328683.091927798,2015-05-21,0.01994331118098458
13837388.051927797,2015-05-22,0.03816618314738718
14403984.2919278,2015-05-25,0.04094676234226635
14750331.131927798,2015-05-26,0.024045210893078872
14503784.3719278,2015-05-27,-0.016714659338483262
13546059.891927797,2015-05-28,-0.06603273017859301
13553019.3719278,2015-05-29,0.0005137641539698645
14088824.891927795,2015-06-01,0.039534033361584564
14088567.9319278,2015-06-02,-1.8238568650463804e-05
13842914.611927798,2015-06-03,-0.017436358413923547
13708300.651927799,2015-06-04,-0.009724394303784023
13845907.3319278,2015-06-05,0.010038201196050478
14178501.5319278,2015-06-08,0.024021119889561682
14067317.211927801,2015-06-09,-0.007841753922276484
14007336.0919278,2015-06-10,-0.004263863471361984
13965831.451927798,2015-06-11,-0.002963064477614741
14112422.411927797,2015-06-12,0.010496400483178014
13917504.771927798,2015-06-15,-0.01381177761765795
13271795.011927795,2015-06-16,-0.046395512024714924
13291860.251927799,2015-06-17,0.0015118708495700517
12739103.891927801,2015-06-18,-0.04158607971520223
12279203.411927797,2015-06-19,-0.03610147808680819
12955289.6919278,2015-06-23,0.05505945763088049
13262802.931927796,2015-06-24,0.023736500480695755
12834262.451927798,2015-06-25,-0.03231145649976941
11936401.131927798,2015-06-26,-0.06995815485019441
11667945.771927798,2015-06-29,-0.02249047740880017
12242048.091927798,2015-06-30,0.04920337574599021
11727541.651927799,2015-07-01,-0.04202780744990342
11463838.491927797,2015-07-02,-0.022485800334518857
10851373.251927797,2015-07-03,-0.05342584339715395
11001050.691927798,2015-07-06,0.013793409969877324
10721569.131927798,2015-07-07,-0.025404987925841893
10059363.491927799,2015-07-08,-0.06176387353862356
10897497.451927796,2015-07-09,0.08331878658849168
11466731.7719278,2015-07-10,0.052235324900149926
11490875.211927798,2015-07-13,0.002105520603447264
11236811.331927799,2015-07-14,-0.022110054744679086
11279324.331927799,2015-07-15,0.003783368674991072
11394483.971927797,2015-07-16,0.010209799506697648
11376366.811927795,2015-07-17,-0.0015899938992092189
11564484.571927799,2015-07-20,0.016535838120371293
11430205.651927797,2015-07-21,-0.01161131904883661
11493603.3719278,2015-07-22,0.005546507379708521
11758452.411927799,2015-07-23,0.02304316857208355
11694014.851927796,2015-07-24,-0.0054801055226142426
10658037.171927799,2015-07-27,-0.08859041938271639
10569406.811927797,2015-07-28,-0.00831582387734997
10974416.971927801,2015-07-29,0.03831910032481112
10837105.9319278,2015-07-30,-0.012511921166403428
10606132.931927802,2015-07-31,-0.02131316252243287
10403588.491927799,2015-08-03,-0.019096916972469846
10805601.571927803,2015-08-04,0.03864177060750995
10687270.171927795,2015-08-05,-0.010950931256564655
10569683.891927797,2015-08-06,-0.011002461630366667
10858194.731927793,2015-08-07,0.027296070814410545
11333532.131927796,2015-08-10,0.04377683507575192
11284771.971927796,2015-08-11,-0.0043022915921010485
11247167.7719278,2015-08-12,-0.0033322959554291653
11290598.611927794,2015-08-13,0.0038614912554602032
11276105.411927795,2015-08-14,-0.0012836520452235156
11162715.251927799,2015-08-17,-0.010055791060631036
10597626.971927797,2015-08-18,-0.05062283389360944
10665193.3719278,2015-08-19,0.006375615992049832
10206354.331927797,2015-08-20,-0.0430221022722127
9925330.091927798,2015-08-21,-0.027534242968705325
9113802.211927798,2015-08-24,-0.081763313913359
8756705.0119278,2015-08-25,-0.039182022134805816
8797796.0519278,2015-08-26,0.004692523037378438
9383904.171927802,2015-08-27,0.0666198803132716
9590172.1719278,2015-08-28,0.021981042881602963
9802620.0519278,2015-08-31,0.022152665894974444
9651408.6119278,2015-09-01,-0.015425614702904045
9532701.0119278,2015-09-02,-0.01229951033813792
9160629.291927801,2015-09-07,-0.039031090929469436
9269448.6119278,2015-09-08,0.011879022339206458
9393377.811927795,2015-09-09,0.013369640977406672
9432787.491927797,2015-09-10,0.0041954748109842566
9366866.3319278,2015-09-11,-0.006988513210586911
9524933.4519278,2015-09-14,0.016875133518369223
9285724.1319278,2015-09-15,-0.025114014833519493
9605743.0519278,2015-09-16,0.03446353945619118
9349526.6919278,2015-09-17,-0.02667324730787779
9363441.971927801,2015-09-18,0.0014883405822045948
9465131.731927799,2015-09-21,0.010860296919110501
9471153.851927796,2015-09-22,0.0006362425976262909
9290923.6519278,2015-09-23,-0.019029381511241228
9391730.3719278,2015-09-24,0.01085002135165336
9294944.2119278,2015-09-25,-0.010305466209858172
9279948.851927802,2015-09-28,-0.001613281334249983
9123189.8119278,2015-09-29,-0.01689223103502757
9280894.131927801,2015-09-30,0.01728609436513273
9517113.0119278,2015-10-08,0.02545216836246067
9546724.331927799,2015-10-09,0.0031113763136874084
9654817.6119278,2015-10-12,0.011322551719493701
9644743.051927801,2015-10-13,-0.0010434749163518164
9772090.451927796,2015-10-14,0.01320381469100318
10063062.691927802,2015-10-15,0.029775843912967837
10193683.2919278,2015-10-16,0.012980203343538443
10076512.371927798,2015-10-19,-0.011494463448044057
10091224.691927796,2015-10-20,0.001460060729046031
10002294.971927796,2015-10-21,-0.008812579514866803
10190969.0119278,2015-10-22,0.01886307497724604
10335876.0919278,2015-10-23,0.01421916599200701
10398234.731927797,2015-10-26,0.0060332224811303625
10422831.731927799,2015-10-27,0.0023654976670681727
10189353.4519278,2015-10-28,-0.02240065713473971
10202726.731927797,2015-10-29,0.0013124758173412854
10222748.7319278,2015-10-30,0.0019624165702045726
10119355.8119278,2015-11-02,-0.01011400384684047
10088013.651927799,2015-11-03,-0.003097248538593389
10385588.371927803,2015-11-04,0.029497850644079726
10441168.571927793,2015-11-05,0.005351665982663345
10677794.051927796,2015-11-06,0.022662739172337076
10770952.891927801,2015-11-09,0.008724539876584947
10793982.3719278,2015-11-10,0.0021381098061674653
10733134.371927798,2015-11-11,-0.005637215061444878
10685356.571927797,2015-11-12,-0.004451430341258167
10575036.931927798,2015-11-13,-0.010324376098952759
10521693.6919278,2015-11-16,-0.005044260397705669
10649207.571927799,2015-11-17,0.012119140105535164
10597478.211927801,2015-11-18,-0.004857578336284862
10658382.611927798,2015-11-19,0.005747065366121351
10646964.6519278,2015-11-20,-0.0010712657272425874
10530701.211927801,2015-11-23,-0.01091986719228455
10458022.771927798,2015-11-24,-0.00690157649878842
10509436.731927793,2015-11-25,0.0049162218443437045
10497292.411927802,2015-11-26,-0.0011555633579387603
10024273.9319278,2015-11-27,-0.045060998725968915
10120228.251927802,2015-11-30,0.009572196515339026
10180717.8119278,2015-12-01,0.005977094438405883
10500757.131927803,2015-12-02,0.0314358305487108
10539014.411927802,2015-12-03,0.0036432877667151864
10312486.3319278,2015-12-04,-0.02149423761520075
10307995.0919278,2015-12-07,-0.00043551475904457515
10123010.091927798,2015-12-08,-0.017945778820254166
10263124.731927793,2015-12-09,0.013841203231805821
10143149.051927801,2015-12-10,-0.011689975824493049
10121309.011927798,2015-12-11,-0.0021531814122214277
10376686.7319278,2015-12-14,0.025231688875326785
10361404.491927799,2015-12-15,-0.001472747553704301
10305295.1719278,2015-12-16,-0.00541522339405931
10461617.0919278,2015-12-17,0.015169087094742295
10455511.051927797,2015-12-18,-0.0005836612013562226
10780944.371927802,2015-12-21,0.03112552972147653
10770699.851927802,2015-12-22,-0.0009502432854282539
10751485.251927799,2015-12-23,-0.0017839694972620057
10640983.4119278,2015-12-24,-0.010277820915969182
10632165.251927802,2015-12-25,-0.0008286978429187242
10267532.531927798,2015-12-28,-0.03429524573406062
10309233.811927805,2015-12-29,0.004061470452646043
10335414.771927802,2015-12-30,0.0025395640915337747
10221790.371927802,2015-12-31,-0.010993695222432431
9629662.5319278,2016-01-04,-0.05792799680437277
9695032.0119278,2016-01-05,0.006788345882658309
9806565.7319278,2016-01-06,0.01150421369035004
9143929.851927798,2016-01-07,-0.06757063564491506
9285188.651927799,2016-01-08,0.015448368730674344
8836532.811927797,2016-01-11,-0.0483195179784367
8798434.611927798,2016-01-12,-0.004311442147147737
8697665.2919278,2016-01-13,-0.011453096425060427
8993855.211927801,2016-01-14,0.03405395701705061
8783341.771927798,2016-01-15,-0.023406363015586074
8870704.5319278,2016-01-18,0.009946414732399322
9285343.931927796,2016-01-19,0.04674255562313112
9093559.011927798,2016-01-20,-0.020654584408073773
8831659.811927801,2016-01-21,-0.028800516899540773
8975736.571927799,2016-01-22,0.01631366731374917
9009853.131927801,2016-01-25,0.0038009760788551006
8525225.971927797,2016-01-26,-0.05378857489725919
8675217.2519278,2016-01-27,0.017593818685146978
8375137.451927797,2016-01-28,-0.03459046514752351
8565856.691927798,2016-01-29,0.022772072828022738
8459839.931927798,2016-02-01,-0.012376667484982229
8652830.3719278,2016-02-02,0.022812540373446932
8611753.6919278,2016-02-03,-0.004747195800031356
8722694.4519278,2016-02-04,0.012882481776503862
8671891.411927799,2016-02-05,-0.005824237026756496
8595400.571927799,2016-02-15,-0.008820548640033676
8846418.1719278,2016-02-16,0.02920371167107838
8912208.5719278,2016-02-17,0.007436953433737958
8876130.891927801,2016-02-18,-0.004048118904402598
8895425.3719278,2016-02-19,0.0021737489267474874
9069268.491927797,2016-02-22,0.01954297998481458
9082280.8119278,2016-02-23,0.001434770622524173
9202895.891927797,2016-02-24,0.013280263239779266
8696373.411927799,2016-02-25,-0.055039466484054
8859939.531927802,2016-02-26,0.01880854377477159
8775492.9319278,2016-02-29,-0.009531284011102814
9008222.771927802,2016-03-01,0.026520429314376592
9413758.411927802,2016-03-02,0.04501838489871335
9494450.011927802,2016-03-03,0.008571666752968499
9710281.811927801,2016-03-04,0.022732417331056576
9641818.7319278,2016-03-07,-0.0070505760106676085
9556813.011927802,2016-03-08,-0.008816357407603226
9455636.891927801,2016-03-09,-0.010586805441701541
9277771.211927801,2016-03-10,-0.018810544655309513
9304398.0519278,2016-03-11,0.00286996083345592
9356656.171927802,2016-03-14,0.005616496597453224
9444885.1719278,2016-03-15,0.009429543886063207
9421183.011927798,2016-03-16,-0.0025095233630209046
9516981.4519278,2016-03-17,0.010168408774005933
9535069.651927799,2016-03-18,0.0019006236474627958
9753837.491927797,2016-03-21,0.022943496795093443
9751151.3319278,2016-03-22,-0.00027539519724617545
9812543.2919278,2016-03-23,0.006295867832446289
9771182.891927801,2016-03-24,-0.004215054014999664
9809955.6919278,2016-03-25,0.00396807637609875
9797270.571927799,2016-03-28,-0.001293086370455221
9719933.4119278,2016-03-29,-0.007893745450043288
9909126.651927797,2016-03-30,0.0194644584465804
9900084.291927801,2016-03-31,-0.0009125284515599796
9864787.731927797,2016-04-01,-0.003565278734927957
9950678.5319278,2016-04-05,0.008706806708269399
10107108.4119278,2016-04-06,0.015720523931918695
9951955.6519278,2016-04-07,-0.015350855425365517
9844430.371927802,2016-04-08,-0.010804437214224416
9850051.091927797,2016-04-11,0.0005709543150431706
9869814.331927802,2016-04-12,0.0020064098973255895
9922639.9719278,2016-04-13,0.005352242526904583
9948090.8519278,2016-04-14,0.0025649303080634844
9966859.1319278,2016-04-15,0.0018866212903918544
9831576.411927797,2016-04-18,-0.013573254945144941
9838135.0519278,2016-04-19,0.000667099529638504
9690604.731927797,2016-04-20,-0.0149957608043908
9659777.171927799,2016-04-21,-0.003181180210398038
9774671.531927802,2016-04-22,0.011894100449221234
9753567.0119278,2016-04-25,-0.0021591027310806643
9745347.451927798,2016-04-26,-0.0008427234866946742
9715415.331927795,2016-04-27,-0.003071426662584753
9714362.531927802,2016-04-28,-0.00010836386958501532
9763553.7719278,2016-04-29,0.00506376407492759
9987150.6919278,2016-05-03,0.02290118180563372
9891570.931927802,2016-05-04,-0.009570273138789331
9918080.011927797,2016-05-05,0.0026799666283976453
9674124.971927801,2016-05-06,-0.024597002616091768
9487888.491927797,2016-05-09,-0.019250989680247188
9528651.931927796,2016-05-10,0.004296365838898808
9591480.8519278,2016-05-11,0.006593684022551116
9593704.771927802,2016-05-12,0.00023186409213904469
9497043.971927801,2016-05-13,-0.010075440332794061
9535868.411927799,2016-05-16,0.004088055200624385
9465383.771927798,2016-05-17,-0.007391528170820338
9334602.371927796,2016-05-18,-0.013816809032917488
9333454.1319278,2016-05-19,-0.00012300898894734846
9463582.651927805,2016-05-20,0.01394216097927381
9501476.091927802,2016-05-23,0.00400413262014232
9420835.3319278,2016-05-24,-0.0084871823303867
9414655.931927802,2016-05-25,-0.0006559290956987818
9414920.611927798,2016-05-26,2.811361370080867e-05
9422530.3719278,2016-05-27,0.0008082659762802535
9469695.291927801,2016-05-30,0.005005547144800726
9774425.9319278,2016-05-31,0.03217956128533084
9768844.811927797,2016-06-01,-0.0005709921011086694
9826872.611927802,2016-06-02,0.005940088220989237
10105118.411927804,2016-06-03,0.02831478650311081
9956475.011927802,2016-06-06,-0.014709713824288095
9981937.011927802,2016-06-07,0.0025573307791659783
9947397.451927802,2016-06-08,-0.0034602061662709627
9684440.331927802,2016-06-13,-0.02643476560283997
9740476.691927798,2016-06-14,0.0057862259541476835
9861070.531927798,2016-06-15,0.01238069180946133
9795501.251927795,2016-06-16,-0.006649306460967397
9893775.571927795,2016-06-17,0.010032597360003281
9877959.051927801,2016-06-20,-0.001598633391773241
9831918.091927795,2016-06-21,-0.004660979029976975
9937008.251927799,2016-06-22,0.010688673259624082
9909874.331927802,2016-06-23,-0.0027305924793543657
9809056.291927801,2016-06-24,-0.010173493287920277
10090588.291927798,2016-06-27,0.02870123196577823
10107158.051927801,2016-06-28,0.001642100492124765
10109925.011927797,2016-06-29,0.00027376241528820344
10186876.171927797,2016-06-30,0.007611447158036411
10138984.8519278,2016-07-01,-0.004701276347303773
10451671.531927796,2016-07-04,0.03084003818592773
10551670.771927802,2016-07-05,0.009567774847738741
10855645.331927799,2016-07-06,0.028808192235177277
10832291.5319278,2016-07-07,-0.002151304624084638
10711037.691927796,2016-07-08,-0.011193738614088455
10822697.611927802,2016-07-11,0.010424752784145008
11088908.531927798,2016-07-12,0.024597464471944885
10950379.291927798,2016-07-13,-0.01249259470408104
10986052.971927797,2016-07-14,0.0032577574756973426
10952765.371927802,2016-07-15,-0.003029987210607321
10894553.9319278,2016-07-18,-0.005314771021133979
10739188.731927799,2016-07-19,-0.01426081333579754
10718238.1719278,2016-07-20,-0.001950851272192633
10830387.651927799,2016-07-21,0.010463424883926375
10663616.7719278,2016-07-22,-0.015398422047276705
10723352.051927801,2016-07-25,0.005601784204891436
10940263.611927802,2016-07-26,0.020227962203386296
10788831.171927793,2016-07-27,-0.013841754218326785
10853891.051927796,2016-07-28,0.006030299201389644
10724245.891927801,2016-07-29,-0.011944579080418127
10611248.891927801,2016-08-01,-0.01053659167634835
10625570.811927803,2016-08-02,0.0013496922130340483
10651327.891927801,2016-08-03,0.0024240655354801355
10641603.211927801,2016-08-04,-0.0009130016556311293
10630965.331927802,2016-08-05,-0.0009996501267849345
10774608.9719278,2016-08-08,0.013511815297581053
10887375.171927799,2016-08-09,0.010465920414727048
10817545.8919278,2016-08-10,-0.006413784672365197
10835964.091927797,2016-08-11,0.001702622774518714
10991185.651927799,2016-08-12,0.014324665408925963
11174128.371927802,2016-08-15,0.016644493669153437
10948018.371927796,2016-08-16,-0.020235135347831723
10931154.7719278,2016-08-17,-0.0015403335496071424
10877287.531927802,2016-08-18,-0.004927863626845164
10871421.8119278,2016-08-19,-0.0005392631189333752
10848442.851927796,2016-08-22,-0.0021137032853228988
10839096.011927802,2016-08-23,-0.0008615835588177134
10837529.051927797,2016-08-24,-0.00014456556139741394
10726262.091927798,2016-08-25,-0.01026681999807022
10716666.651927797,2016-08-26,-0.0008945744489333718
10828595.491927799,2016-08-29,0.010444370776417466
10888901.651927797,2016-08-30,0.005569158072711522
10947661.091927797,2016-08-31,0.005396268776988844
10854699.451927798,2016-09-01,-0.008491461255458854
10817307.331927799,2016-09-02,-0.003444786303443692
10855568.211927796,2016-09-05,0.0035370059133910114
10883391.851927798,2016-09-06,0.0025630754150143265
10846142.4919278,2016-09-07,-0.0034225874163852366
10822004.8119278,2016-09-08,-0.0022254621878669
10752807.011927797,2016-09-09,-0.006394175682100434
10555153.3719278,2016-09-12,-0.018381585364709463
10579594.8919278,2016-09-13,0.002315600649158034
10526466.891927803,2016-09-14,-0.0050217423769726155
10560726.6119278,2016-09-19,0.0032546266807023105
10464899.891927801,2016-09-20,-0.009073875645238982
10460388.531927798,2016-09-21,-0.00043109442484801086
10551263.811927797,2016-09-22,0.008687562581698005
10521736.1319278,2016-09-23,-0.002798496988258181
10289836.8519278,2016-09-26,-0.022040020495886603
10371702.3319278,2016-09-27,0.007955955101918155
10315519.531927798,2016-09-28,-0.005416931396792224
10367772.2519278,2016-09-29,0.005065447245606425
10488580.331927799,2016-09-30,0.011652269847800323
10629036.571927797,2016-10-10,0.01339134902484762
10728674.051927796,2016-10-11,0.009374083843417091
10644583.931927802,2016-10-12,-0.007837885613169893
10616010.651927799,2016-10-13,-0.00268430219374749
10649140.451927798,2016-10-14,0.003120739144509388
10564926.291927796,2016-10-17,-0.00790807111429892
10689942.371927798,2016-10-18,0.011833123728986372
10684644.051927801,2016-10-19,-0.0004956359740451166
10675047.091927797,2016-10-20,-0.0008982011897975539
10680131.091927798,2016-10-21,0.0004762508264573029
10776818.291927803,2016-10-24,0.009052997492987824
10853713.8119278,2016-10-25,0.00713527108994616
10837085.451927798,2016-10-26,-0.0015320433437011616
10874301.651927803,2016-10-27,0.0034341521219050097
10888020.411927793,2016-10-28,0.0012615761856815677
10910405.3719278,2016-10-31,0.0020559256093499734
10905952.091927797,2016-11-01,-0.00040816815216249136
10843632.5319278,2016-11-02,-0.0057142704712708214
10874816.691927796,2016-11-03,0.0028758038330953806
10850613.051927797,2016-11-04,-0.0022256595844935
10870665.411927799,2016-11-07,0.00184803935999156
10980663.211927801,2016-11-08,0.010118773399032888
10916296.651927799,2016-11-09,-0.005861809870471579
11026130.131927801,2016-11-10,0.01006142316410985
11024018.0519278,2016-11-11,-0.00019155224677480653
10958203.5319278,2016-11-14,-0.005970102705745384
10966500.0119278,2016-11-15,0.0007571021998111771
10936806.051927797,2016-11-16,-0.002707697074518345
10923761.771927798,2016-11-17,-0.0011926955582887144
10875736.291927794,2016-11-18,-0.004396423228802182
10902023.531927802,2016-11-21,0.0024170538246242046
10916628.8919278,2016-11-22,0.0013396925769995072
11017103.851927798,2016-11-23,0.009203844977664799
11102511.451927802,2016-11-24,0.007752273296857348
11164372.731927797,2016-11-25,0.00557182762367292
11174574.8919278,2016-11-28,0.0009138139907158838
11336580.9719278,2016-11-29,0.014497739875279692
11198223.851927802,2016-11-30,-0.012204483904150965
11342929.171927799,2016-12-01,0.012922167114482574
11282825.491927804,2016-12-02,-0.005298779450086166
11100847.291927801,2016-12-05,-0.016128779101493462
11200353.091927798,2016-12-06,0.008963802256099385
11232843.731927805,2016-12-07,0.002900858547345564
11380813.131927803,2016-12-08,0.013172924286253274
11376571.611927802,2016-12-09,-0.0003726904177085988
11086360.0919278,2016-12-12,-0.025509576162270897
11184872.291927798,2016-12-13,0.008885892139812945
11188608.6519278,2016-12-14,0.00033405477527881366
11021372.0519278,2016-12-15,-0.014947041692372265
11019280.7319278,2016-12-16,-0.00018975132952092633
10965382.131927798,2016-12-19,-0.0048912992881500195
10924953.731927799,2016-12-20,-0.0036869120942245592
11010120.8919278,2016-12-21,0.007795654067723978
10967138.851927795,2016-12-22,-0.003903866308272552
10842498.811927797,2016-12-23,-0.011364863861287544
10909897.251927799,2016-12-26,0.0062161353364278416
10904273.371927802,2016-12-27,-0.0005154842314397667
10844205.8519278,2016-12-28,-0.005508621982519335
10881077.731927799,2016-12-29,0.003400145709466118
11031592.851927798,2016-12-30,0.013832740074850358
11126172.931927804,2017-01-03,0.008573565147799833
11423923.131927801,2017-01-04,0.02676124142790992
11369501.971927797,2017-01-05,-0.004763789056660084
11420936.731927797,2017-01-06,0.004523923750309855
11451283.211927796,2017-01-09,0.0026570920330171166
11444487.0919278,2017-01-10,-0.0005934810862870954
11361270.011927798,2017-01-11,-0.007271368243203957
11352117.731927799,2017-01-12,-0.0008055683907161049
11355516.051927796,2017-01-13,0.00029935559868610184
11380753.891927801,2017-01-16,0.0022225181035009367
11511168.371927802,2017-01-17,0.01145921274095052
11621386.931927802,2017-01-18,0.009574923799115842
11621432.291927798,2017-01-19,3.903148588113581e-06
11660875.651927799,2017-01-20,0.003394018827386658
11615507.771927796,2017-01-23,-0.003890606619452508
11640271.891927807,2017-01-24,0.002131987725914053
11631156.8919278,2017-01-25,-0.0007830573103990712
11582319.131927801,2017-01-26,-0.0041988738053986285
11595848.3719278,2017-02-03,0.0011680942172196396
11577431.891927797,2017-02-06,-0.001588195999922437
11522391.091927798,2017-02-07,-0.004754145868772097
11575040.051927803,2017-02-08,0.0045692738234590635
11672947.4519278,2017-02-09,0.008458493410024026
11659440.371927802,2017-02-10,-0.001157126771590744
11732594.651927805,2017-02-13,0.0062742531087629505
11734534.651927799,2017-02-14,0.00016535131891526333
11679361.6519278,2017-02-15,-0.004701762927678987
11679147.251927802,2017-02-16,-1.8357167659299733e-05
11696886.971927796,2017-02-17,0.0015189225392346906
11949911.851927798,2017-02-20,0.021631813713106407
11920526.5719278,2017-02-21,-0.002459037385724061
12017203.371927798,2017-02-22,0.008110111530447384
11950727.2519278,2017-02-23,-0.005531746275950211
11930140.2519278,2017-02-24,-0.0017226566690056178
11788769.0519278,2017-02-27,-0.011849919365127026
11773814.211927798,2017-02-28,-0.0012685667124470168
11831380.091927798,2017-03-01,0.004889314453567772
11807905.851927798,2017-03-02,-0.00198406608676327
11783491.891927795,2017-03-03,-0.002067594398715289
11818346.531927798,2017-03-06,0.002957921159506105
11929972.211927807,2017-03-07,0.009445118206548475
11938295.4919278,2017-03-08,0.0006976780710077346
11911284.771927796,2017-03-09,-0.002262527344734311
11898993.8519278,2017-03-10,-0.0010318718958817197
11985879.971927797,2017-03-13,0.007301972005466784
11987394.771927802,2017-03-14,0.0001263820431667284
12088977.7319278,2017-03-15,0.008474148214246524
12114717.851927796,2017-03-16,0.0021292222196764854
12108862.931927796,2017-03-17,-0.0004832898356826876
12230240.1719278,2017-03-20,0.010023834664109055
12374286.4519278,2017-03-21,0.011777878273447895
12329783.9319278,2017-03-22,-0.003596370600671417
12315300.251927797,2017-03-23,-0.0011746904957918858
12296381.731927799,2017-03-24,-0.0015361801671897046
12157389.931927798,2017-03-27,-0.011303471462593362
12146168.771927802,2017-03-28,-0.0009229908773862316
12193278.6119278,2017-03-29,0.0038785761077910763
12188172.451927802,2017-03-30,-0.000418768418446791
12224851.411927799,2017-03-31,0.0030093896476002246
12336204.971927801,2017-04-05,0.00910878637685153
12394478.531927802,2017-04-06,0.004723783378487001
12408496.571927806,2017-04-07,0.0011309907039569467
12391523.4519278,2017-04-10,-0.001367862730316971
12500046.1319278,2017-04-11,0.008757815810219505
12596166.531927798,2017-04-12,0.007689603621100716
12681548.571927797,2017-04-13,0.006778414669540878
12594479.971927801,2017-04-14,-0.006865770336024535
12545816.811927803,2017-04-17,-0.003863848297703809
12619726.491927803,2017-04-18,0.005891181188755423
12626417.931927802,2017-04-19,0.0005302365312180868
12799278.891927797,2017-04-20,0.013690419636981144
12598526.171927799,2017-04-21,-0.015684689871599655
12554706.291927803,2017-04-24,-0.003478175097785252
12854883.451927805,2017-04-25,0.023909532650158827
12840406.371927796,2017-04-26,-0.0011261930187191904
12877918.4519278,2017-04-27,0.0029214090982365715
12735548.331927799,2017-04-28,-0.011055367412944661
12667602.091927797,2017-05-02,-0.005335164080031207
12783557.091927804,2017-05-03,0.009153666112854841
12709560.131927796,2017-05-04,-0.005788448353450382
12651273.171927799,2017-05-05,-0.004586072168900168
12409998.531927798,2017-05-08,-0.019071174633662258
12395188.491927803,2017-05-09,-0.0011933957898457859
12262631.171927795,2017-05-10,-0.010694256088669696
12304801.891927801,2017-05-11,0.00343896178632086
12357989.891927803,2017-05-12,0.00432254013247424
12497792.331927795,2017-05-15,0.011312716810952361
12696564.9319278,2017-05-16,0.015904616969207197
12632311.491927797,2017-05-17,-0.005060694789850273
12660986.731927803,2017-05-18,0.0022699915227968326
12857010.411927799,2017-05-19,0.015482496281721492
12882501.691927798,2017-05-22,0.0019826755352356784
13103222.451927796,2017-05-23,0.01713337714042784
13046885.491927803,2017-05-24,-0.004299473675783094
13137456.971927801,2017-05-25,0.0069420000701343465
13129529.651927799,2017-05-26,-0.0006034135842988286
13022848.491927795,2017-05-31,-0.008125284212625261
13134442.8519278,2017-06-01,0.00856912065506843
13068389.2919278,2017-06-02,-0.005029034024865764
12970765.971927801,2017-06-05,-0.007470187627506619
13134166.931927798,2017-06-06,0.012597633813888898
13365508.611927798,2017-06-07,0.017613730752700674
13515747.571927797,2017-06-08,0.011240796318511936
13541731.171927799,2017-06-09,0.0019224685768746141
13659016.011927798,2017-06-12,0.008660993082120427
13679903.8919278,2017-06-13,0.0015292375367128574
13592379.091927798,2017-06-14,-0.006398056645094297
13426572.6119278,2017-06-15,-0.012198488497018656
13305027.811927797,2017-06-16,-0.009052555965922804
13505345.371927798,2017-06-19,0.015055779125874302
13419586.611927796,2017-06-20,-0.006349986441535949
13569419.171927795,2017-06-21,0.011165214274694746
13610843.371927792,2017-06-22,0.0030527614686481908
13656232.211927801,2017-06-23,0.003334755882477003
13948911.731927797,2017-06-26,0.021431937847714577
13981297.8119278,2017-06-27,0.0023217639212580465
13764401.9719278,2017-06-28,-0.015513283739293504
13794151.011927797,2017-06-29,0.0021613027620575043
13766769.491927803,2017-06-30,-0.0019850094417783737
13576110.411927802,2017-07-03,-0.013849224403139293
13424352.771927798,2017-07-04,-0.011178285635234042
13609270.491927797,2017-07-05,0.01377479593553943
13549040.051927801,2017-07-06,-0.004425692033656059
13428727.3719278,2017-07-07,-0.008879793663528424
13589782.131927798,2017-07-10,0.011993300298632548
13780980.3719278,2017-07-11,0.014069264550665705
13721438.211927801,2017-07-12,-0.004320604078450585
13765835.7719278,2017-07-13,0.0032356345824888777
13816311.651927797,2017-07-14,0.0036667501222795718
13668790.251927795,2017-07-17,-0.010677335870562743
13738547.0519278,2017-07-18,0.005103363115120274
13893564.611927796,2017-07-19,0.011283402780080998
14056406.371927796,2017-07-20,0.011720660935365501
14113287.451927798,2017-07-21,0.0040466303047128616
14199334.651927799,2017-07-24,0.006096892753944871
14114279.651927799,2017-07-25,-0.005990069400079401
14031540.051927796,2017-07-26,-0.005862119926800635
14114687.771927798,2017-07-27,0.005925772915324368
14296652.931927798,2017-07-28,0.012891901184091559
14267126.851927796,2017-07-31,-0.0020652442316805297
14288169.851927796,2017-08-01,0.0014749290602373843
14278142.291927798,2017-08-02,-0.0007018085663815787
14110590.771927796,2017-08-03,-0.011734826322239877
14105457.931927796,2017-08-04,-0.0003637579802974189
14271283.851927796,2017-08-07,0.011756152887787641
14297437.4519278,2017-08-08,0.0018326031681075161
14406177.611927798,2017-08-09,0.007605569904789888
14454463.091927798,2017-08-10,0.003351720442487327
14168886.531927804,2017-08-11,-0.01975698150694216
14435874.131927798,2017-08-14,0.01884323086351003
14373405.0119278,2017-08-15,-0.004327352776083981
14380826.011927798,2017-08-16,0.000516300764769273
14392238.3719278,2017-08-17,0.0007935816753874558
14351176.611927796,2017-08-18,-0.0028530489100357936
14383988.251927797,2017-08-21,0.002286337969858776
14350831.451927798,2017-08-22,-0.0023051186791365197
14432229.131927796,2017-08-23,0.005671983555284754
14407021.411927795,2017-08-24,-0.0017466269257210287
14516320.331927802,2017-08-25,0.007586503613405959
14577902.971927797,2017-08-28,0.004242303737576503
14464894.4919278,2017-08-29,-0.0077520395229419
14538045.291927796,2017-08-30,0.005057126413249513
14477048.651927799,2017-08-31,-0.004195656209288634
14556831.731927797,2017-09-01,0.005511004481522752
14542138.051927797,2017-09-04,-0.0010094009651682168
14521404.771927798,2017-09-05,-0.001425738081014205
14478706.0519278,2017-09-06,-0.0029403987197259562
14384205.491927793,2017-09-07,-0.006526865015497929
14281821.771927798,2017-09-08,-0.007117787635712802
14343006.5319278,2017-09-11,0.004284100514422073
14496451.4519278,2017-09-12,0.010698239567724421
14613913.331927799,2017-09-13,0.008102802288513011
14613698.451927796,2017-09-14,-1.4703795973236566e-05
14629477.051927801,2017-09-15,0.0010797129865454114
14760904.251927799,2017-09-18,0.00898372508692491
14731541.9719278,2017-09-19,-0.001989192497889425
14695422.851927804,2017-09-20,-0.0024518220881984965
14719319.611927802,2017-09-21,0.0016261362630245468
14754358.331927795,2017-09-22,0.002380457855647
14810332.011927798,2017-09-25,0.003793704798322528
14850609.6919278,2017-09-26,0.0027195663113805946
14842410.211927798,2017-09-27,-0.000552130866684819
14961686.171927802,2017-09-28,0.008036158433631702
14938817.6119278,2017-09-29,-0.001528474781332445
15130418.8919278,2017-10-09,0.012825732596602357
15298366.171927797,2017-10-10,0.011099975565752374
15414550.571927799,2017-10-11,0.007594562628079782
15437046.0519278,2017-10-12,0.0014593665832183245
15600560.3719278,2017-10-13,0.010592332202026489
15737126.691927802,2017-10-16,0.00875393682945802
15656036.331927802,2017-10-17,-0.0051528059465641984
15788059.251927795,2017-10-18,0.00843271676182522
16113346.4519278,2017-10-19,0.020603368331056027
16041375.651927803,2017-10-20,-0.004466533392967986
16008528.9319278,2017-10-23,-0.002047624886588495
15956510.091927798,2017-10-24,-0.003249445356359626
15941149.251927799,2017-10-25,-0.0009626691495511208
16522873.7719278,2017-10-26,0.03649200636708505
17225946.011927802,2017-10-27,0.0425514501717319
16764647.011927804,2017-10-30,-0.026779313001479288
16616578.891927803,2017-10-31,-0.008832164488441263
16603394.731927799,2017-11-01,-0.0007934340808509743
16644849.1719278,2017-11-02,0.0024967448325663444
16812892.691927794,2017-11-03,0.010095827139329439
17011722.451927796,2017-11-06,0.011826029205281419
16927183.371927805,2017-11-07,-0.0049694603376515545
17101668.0119278,2017-11-08,0.010307954735656821
17143386.0919278,2017-11-09,0.0024394158494309703
17541385.171927795,2017-11-10,0.023215896665093272
17737494.971927796,2017-11-13,0.011179835462129972
17662573.891927797,2017-11-14,-0.004223881676559849
17765051.0519278,2017-11-15,0.005801938076920754
18268387.5319278,2017-11-16,0.028332959952027892
17891344.891927797,2017-11-17,-0.020639076072863194
17763657.451927796,2017-11-20,-0.007136827374984556
17772367.851927802,2017-11-21,0.0004903494690537968
17528606.7319278,2017-11-22,-0.013715736812951462
17067676.1319278,2017-11-23,-0.026295906289028115
17010321.131927803,2017-11-24,-0.0033604457664101473
16777643.131927803,2017-11-27,-0.013678636528693833
17235506.4519278,2017-11-28,0.02729008576470937
17237623.0119278,2017-11-29,0.00012280230963335192
17063142.8119278,2017-11-30,-0.010122056845033978
16916568.971927796,2017-12-01,-0.008590084582632884
17192190.371927794,2017-12-04,0.016292984733333293
17200996.8519278,2017-12-05,0.0005122372315271573
17012327.211927798,2017-12-06,-0.010968529418622364
16824058.331927802,2017-12-07,-0.01106661526401842
16986226.131927803,2017-12-08,0.009639041710420626
17459488.2119278,2017-12-11,0.027861520053029443
17348792.971927803,2017-12-12,-0.006340119404208755
17628217.4519278,2017-12-13,0.016106277851844597
17554003.2519278,2017-12-14,-0.004209966220486083
17267297.6119278,2017-12-15,-0.01633277810681244
17471120.211927798,2017-12-18,0.01180396635193226
17574717.7319278,2017-12-19,0.005929643820393071
17796848.6519278,2017-12-20,0.012639231160820108
17882022.2519278,2017-12-21,0.004785881009937931
17895631.6119278,2017-12-22,0.0007610638108077605
17951765.57192781,2017-12-25,0.003136740921879211
17909586.611927792,2017-12-26,-0.0023495716803462185
17538623.6119278,2017-12-27,-0.020713096736299397
18412987.2519278,2017-12-28,0.04985360649426096
18152753.011927795,2017-12-29,-0.014133189603591334
18409233.411927804,2018-01-02,0.014129008411643218
18626294.011927802,2018-01-03,0.011790854901071457
18987638.3319278,2018-01-04,0.019399689480290583
19100828.491927803,2018-01-05,0.005961255318923664
19398534.651927806,2018-01-08,0.015586033879410932
19874806.9319278,2018-01-09,0.024551972019838164
20018712.571927812,2018-01-10,0.0072406056820020215
19749812.291927796,2018-01-11,-0.01343244621919859
19975067.4119278,2018-01-12,0.011405430931213045
19910394.1719278,2018-01-15,-0.0032376982097884754
19777719.1319278,2018-01-16,-0.006663606900714214
19399300.171927795,2018-01-17,-0.019133599657056077
19477592.451927807,2018-01-18,0.004035830123052975
19504725.971927807,2018-01-19,0.001393063340192846
19947343.2519278,2018-01-22,0.02269282227481839
20032045.4119278,2018-01-23,0.0042462877853075565
19955664.771927796,2018-01-24,-0.003812922666125984
20077928.2119278,2018-01-25,0.006126753550801167
20253570.851927806,2018-01-26,0.008748046020787159
19563189.011927802,2018-01-29,-0.03408691953864973
19529160.811927807,2018-01-30,-0.0017393994393883894
19947906.41192779,2018-01-31,0.021442068301481987
19858396.891927805,2018-02-01,-0.004487163622667878
19797411.331927802,2018-02-02,-0.003071021308109323
19466495.411927804,2018-02-05,-0.016715110599653027
19048039.8919278,2018-02-06,-0.02149619184887286
18377245.611927796,2018-02-07,-0.03521592162794007
18454957.4519278,2018-02-08,0.004228698992277957
17792254.051927805,2018-02-09,-0.035909234780206356
18046125.731927793,2018-02-12,0.014268663164265005
18386022.531927805,2018-02-13,0.018834890383072844
18543433.4119278,2018-02-14,0.008561442787674567
19042783.811927803,2018-02-22,0.026928691624001022
19106562.451927796,2018-02-23,0.0033492288013081684
19216287.131927796,2018-02-26,0.005742774519281957
19042112.7719278,2018-02-27,-0.009063892457695677
18758496.171927806,2018-02-28,-0.014894177100878592
19062941.8119278,2018-03-01,0.01622974662838894
18968661.4119278,2018-03-02,-0.004945742421613386
18749210.731927805,2018-03-05,-0.011569117885250502
18802364.5719278,2018-03-06,0.0028349908036118254
18669266.53192779,2018-03-07,-0.007078792642853382
18941269.731927797,2018-03-08,0.014569570772093865
19063694.971927788,2018-03-09,0.006463412523693091
19013249.931927804,2018-03-12,-0.002646131302156629
18736455.931927804,2018-03-13,-0.0145579530585771
18997329.891927794,2018-03-14,0.013923335392124425
19293056.01192779,2018-03-15,0.015566720253968658
19159770.251927793,2018-03-16,-0.0069084835454577
19336648.571927793,2018-03-19,0.009231755792176166
19262613.6519278,2018-03-20,-0.003828735870365585
19153364.651927803,2018-03-21,-0.005671556413584744
18845251.651927803,2018-03-22,-0.016086625279647104
18441083.371927805,2018-03-23,-0.02144669052263104
18406150.971927803,2018-03-26,-0.0018942704880982042
18467651.971927796,2018-03-27,0.003341328672887167
17871636.851927802,2018-03-28,-0.03227346502446449
18096833.611927796,2018-03-29,0.012600790955289654
18057908.931927804,2018-03-30,-0.0021509110839332823
18054905.771927796,2018-04-02,-0.00016630718491983387
17967092.211927794,2018-04-03,-0.0048636952808990275
18221561.6519278,2018-04-04,0.014163084209645849
18329913.531927805,2018-04-09,0.0059463553162877325
18614995.81192779,2018-04-10,0.015552843689274232
18584777.5719278,2018-04-11,-0.001623327789342155
18320921.451927792,2018-04-12,-0.014197432225315554
18139217.85192781,2018-04-13,-0.009917819934808114
17868857.73192781,2018-04-16,-0.014904728649657195
17516524.891927797,2018-04-17,-0.019717703576007994
17466035.0519278,2018-04-18,-0.0028824119116951374
17942715.5319278,2018-04-19,0.02729185408037904
17738935.4919278,2018-04-20,-0.01135725746960603
17751713.53192779,2018-04-23,0.0007203386023815206
18184544.33192779,2018-04-24,0.02438247999110188
18186668.651927795,2018-04-25,0.0001168200842005529
17909701.8919278,2018-04-26,-0.015229109041398625
17644673.891927794,2018-04-27,-0.014798012920553383
17767521.3319278,2018-05-02,0.006962295860633905
17795406.57192779,2018-05-03,0.001569450205183287
17647249.931927796,2018-05-04,-0.008325555215676239
18298233.211927794,2018-05-07,0.03688865304855371
18582783.1319278,2018-05-08,0.015550677308808103
18473598.531927794,2018-05-09,-0.0058755784440281955
18667608.211927798,2018-05-10,0.010501997196956436
18657030.131927796,2018-05-11,-0.0005666542751440184
19083375.931927804,2018-05-14,0.02285175062618361
19143310.17192779,2018-05-15,0.003140651853936971
18963500.4919278,2018-05-16,-0.009392820697418869
18797820.851927802,2018-05-17,-0.008736764611075976
19127781.531927798,2018-05-18,0.0175531346212483
19067829.691927798,2018-05-21,-0.003134280883537288
19073111.0919278,2018-05-22,0.0002769796083419429
18690480.331927802,2018-05-23,-0.020061266258860955
18477646.291927803,2018-05-24,-0.01138729643220715
18522653.211927798,2018-05-25,0.002435749623568517
18883987.531927794,2018-05-28,0.019507697729141293
18718749.971927803,2018-05-29,-0.008750141341738238
18456323.091927793,2018-05-30,-0.014019466064430941
19016299.051927797,2018-05-31,0.03034060236217484
18885830.171927806,2018-06-01,-0.006860897572325775
19562553.371927794,2018-06-04,0.03583232475561915
19704580.971927807,2018-06-05,0.007260176997335277
19681798.411927797,2018-06-06,-0.0011562062665766426
19614009.971927796,2018-06-07,-0.003444219810671334
19434039.331927802,2018-06-08,-0.009175616829887101
19478998.21192779,2018-06-11,0.002313408922977933
19925665.85192781,2018-06-12,0.022930729554998752
19757836.891927794,2018-06-13,-0.008422752908093023
19678650.251927804,2018-06-14,-0.004007859789162516
19494729.33192779,2018-06-15,-0.009346216211246317
18784328.211927805,2018-06-19,-0.036440676241475956
19123214.891927797,2018-06-20,0.0180409262538761
18988867.251927797,2018-06-21,-0.007025368943414989
19080563.491927795,2018-06-22,0.0048289473396938565
18896816.8119278,2018-06-25,-0.009630044735195131
18617725.411927797,2018-06-26,-0.014769228213284968
18043677.0119278,2018-06-27,-0.0308334335854058
17788399.2519278,2018-06-28,-0.01414776820884378
18271733.331927795,2018-06-29,0.027171308286641604
17704323.611927796,2018-07-02,-0.03105396240697722
17485228.491927803,2018-07-03,-0.012375232446179663
17365818.011927802,2018-07-04,-0.006829220450572215
17546759.571927797,2018-07-05,0.010419408972022648
17766494.531927794,2018-07-06,0.012522822752500717
18165163.4519278,2018-07-09,0.02243936862635265
18189489.571927793,2018-07-10,0.0013391632871551096
17984272.6519278,2018-07-11,-0.011282170353845933
18317022.451927803,2018-07-12,0.018502266198924477
18458137.571927804,2018-07-13,0.007704042530403132
18525731.8919278,2018-07-16,0.0036620336009847154
18238928.251927793,2018-07-17,-0.01548136622472529
18103684.4519278,2018-07-18,-0.007415117715905195
18154892.171927802,2018-07-19,0.0028285800128686756
18355557.571927793,2018-07-20,0.01105296567446823
18380265.051927797,2018-07-23,0.0013460490046781626
18717697.331927806,2018-07-24,0.01835840120078225
18691731.45192779,2018-07-25,-0.0013872368774617838
18481500.211927805,2018-07-26,-0.011247285493089065
18497085.611927792,2018-07-27,0.0008432973417347167
18268525.891927797,2018-07-30,-0.012356526038491689
18387346.0919278,2018-07-31,0.006504093472178063
18046754.011927813,2018-08-01,-0.01852317774937129
17597593.5319278,2018-08-02,-0.02488871293436723
17255467.8519278,2018-08-03,-0.019441617365424158
17060147.771927796,2018-08-06,-0.01131931522669094
17541877.6919278,2018-08-07,0.02823714814432532
17280809.3719278,2018-08-08,-0.014882575547778165
17692898.81192779,2018-08-09,0.02384665157347432
17632499.7319278,2018-08-10,-0.003413746986405175
17452057.811927803,2018-08-13,-0.010233484913841573
17427723.371927798,2018-08-14,-0.001394359350756491
16987175.8119278,2018-08-15,-0.025278549045001708
16722816.5719278,2018-08-16,-0.015562283155648227
16412275.691927798,2018-08-17,-0.01856989094297068
16696529.171927802,2018-08-20,0.017319565265395243
17172113.6519278,2018-08-21,0.028484032525730285
17103772.011927802,2018-08-22,-0.00397980361563266
17137326.331927802,2018-08-23,0.0019618081892462946
16995580.291927796,2018-08-24,-0.008271187538509195
17615051.291927796,2018-08-27,0.03644894668846477
17491956.851927795,2018-08-28,-0.006988026203273656
17573919.731927805,2018-08-29,0.004685746751712072
17423165.7719278,2018-08-30,-0.008578277487299446
17124587.251927797,2018-08-31,-0.017136869608453842
17235289.891927797,2018-09-03,0.006464543546153889
17443621.4919278,2018-09-04,0.012087501939701983
17002470.2919278,2018-09-05,-0.02529011536991599
16740344.931927802,2018-09-06,-0.01541689857411166
16897911.4919278,2018-09-07,0.009412384311118904
16674873.731927799,2018-09-10,-0.01319913174515952
16644245.6119278,2018-09-11,-0.0018367827242586898
16421516.971927796,2018-09-12,-0.013381720337050873
16555907.571927804,2018-09-13,0.008183811533961638
16744119.6919278,2018-09-14,0.011368275594817234
16731255.891927795,2018-09-17,-0.0007682577667075252
17209022.4119278,2018-09-18,0.028555329204576374
17529344.771927796,2018-09-19,0.018613629079707428
17481393.411927797,2018-09-20,-0.0027354907227787884
18039784.0919278,2018-09-21,0.031942000665633685
17920786.451927796,2018-09-25,-0.0065964004554385225
18411740.411927797,2018-09-26,0.027395782061070628
18372143.73192779,2018-09-27,-0.0021506212402578884
18530770.891927794,2018-09-28,0.008634112726014331
17495053.851927802,2018-10-08,-0.055891740610271134
17603570.4519278,2018-10-09,0.006202701684627332
17261098.811927807,2018-10-10,-0.019454669206751096
16565147.6519278,2018-10-11,-0.04031905312534845
17077194.211927794,2018-10-12,0.03091107732688414
16933634.4119278,2018-10-15,-0.00840652148230081
16873801.971927796,2018-10-16,-0.0035333489872593216
16904553.8519278,2018-10-17,0.001822463014035769
16431756.5319278,2018-10-18,-0.02796863638883207
16996937.331927806,2018-10-19,0.03439564108084414
17600407.571927797,2018-10-22,0.03550464582030344
16607340.611927796,2018-10-23,-0.05642295247661866
16534976.3319278,2018-10-24,-0.0043573671240307865
16265170.411927797,2018-10-25,-0.016317284922811037
16157924.731927795,2018-10-26,-0.006593578627455021
15057483.731927797,2018-10-29,-0.06810534262642931
14744017.4119278,2018-10-30,-0.020817975007027534
15223724.331927797,2018-10-31,0.03253569950425561
15521878.051927797,2018-11-01,0.01958480812574237
16261257.4919278,2018-11-02,0.04763466363583335
15820947.811927801,2018-11-05,-0.027077222054848638
15668000.491927797,2018-11-06,-0.009667392991758228
15602188.8119278,2018-11-07,-0.004200387920201054
15669452.971927801,2018-11-08,0.004311200230353585
15416094.771927798,2018-11-09,-0.016168924368572424
15311860.571927799,2018-11-12,-0.006761388116905298
15604137.5719278,2018-11-13,0.019088274650035153
15328003.691927798,2018-11-14,-0.01769619619970375
15453093.931927798,2018-11-15,0.008160895737902019
15423652.571927797,2018-11-16,-0.001905208117526036
15607426.291927792,2018-11-19,0.011915058326357642
15400058.731927799,2018-11-20,-0.01328646735991601
15439882.131927801,2018-11-21,0.0025859252028330726
15415485.051927797,2018-11-22,-0.0015801338243089935
15150512.171927793,2018-11-23,-0.01718874749042476
15097781.4519278,2018-11-26,-0.0034804579146635595
14996715.891927801,2018-11-27,-0.0066940669608841485
15227327.411927804,2018-11-28,0.01537746808447138
15081586.131927796,2018-11-29,-0.009571034762531405
15352551.7719278,2018-11-30,0.01796665401302633
16054609.1719278,2018-12-03,0.045729036477422325
16024922.651927797,2018-12-04,-0.0018490963985540176
16091571.531927796,2018-12-05,0.004159076548926777
15724060.891927795,2018-12-06,-0.022838704055151537
15645831.371927802,2018-12-07,-0.00497514735777671
15412540.691927804,2018-12-10,-0.014910724425841293
15531522.491927799,2018-12-11,0.0077198044357678075
15654247.851927802,2018-12-12,0.007901695410980292
15966376.8919278,2018-12-13,0.01993893561366855
15738999.5319278,2018-12-14,-0.014241011692198935
15742674.971927796,2018-12-17,0.0002335243731685921
15653820.8919278,2018-12-18,-0.005644153878450742
15384639.251927799,2018-12-19,-0.017195906472828537
15266098.1719278,2018-12-20,-0.007705158246407606
15087982.5719278,2018-12-21,-0.01166739516502846
15107763.571927795,2018-12-24,0.0013110434019720785
15040564.971927803,2018-12-25,-0.0044479515237355605
14947162.2119278,2018-12-26,-0.006210056615182591
14986097.6519278,2018-12-27,0.0026048717106268438
15417774.811927795,2018-12-28,0.0288051746376059
15423703.3319278,2019-01-02,0.00038452500910945986
15318295.971927797,2019-01-03,-0.006834114851120399
15561035.6119278,2019-01-04,0.01584638659840798
15662434.931927806,2019-01-07,0.006516232115186593
15623425.9719278,2019-01-08,-0.002490606356517877
15865707.9319278,2019-01-09,0.015507607642224697
15917498.0519278,2019-01-10,0.0032642804356544097
16238069.3719278,2019-01-11,0.020139554530127723
16017764.4919278,2019-01-14,-0.013567184309537406
16636589.971927805,2019-01-15,0.03863369824870766
16674389.1719278,2019-01-16,0.00227205214913484
16595645.611927798,2019-01-17,-0.00472242546267132
17082366.8519278,2019-01-18,0.029328249794041028
17185055.4519278,2019-01-21,0.006011380090951146
16835159.7719278,2019-01-22,-0.020360462669368307
16767845.251927799,2019-01-23,-0.003998448539362598
16940435.251927797,2019-01-24,0.01029291464746529
17122086.651927803,2019-01-25,0.010722947627885393
17086684.4119278,2019-01-28,-0.0020676358390007143
17242465.1719278,2019-01-29,0.00911708534227107
17080053.131927803,2019-01-30,-0.009419305092430497
17379524.1319278,2019-01-31,0.017533376371071885
17464000.851927795,2019-02-01,0.004860703858099447
18035318.931927796,2019-02-11,0.03271404329649563
17944210.251927797,2019-02-12,-0.00505168111214882
18378802.89192779,2019-02-13,0.024219100974549823
18403345.691927794,2019-02-14,0.0013353862133633765
18040676.731927793,2019-02-15,-0.019706686277108698
18496509.371927794,2019-02-18,0.025266936865693257
18364277.171927795,2019-02-19,-0.007149035385059621
18303555.09192779,2019-02-20,-0.0033065325376828714
18254092.1319278,2019-02-21,-0.0027023690070899775
18441626.17192779,2019-02-22,0.010273534210555546
19063657.171927795,2019-02-25,0.033729726120729664
18695800.131927803,2019-02-26,-0.019296247130465627
18871217.2919278,2019-02-27,0.009382704070548309
19073055.491927795,2019-02-28,0.010695558048941178
19739151.931927804,2019-03-01,0.03492342589166775
19681113.9319278,2019-03-04,-0.002940247899208326
19668382.171927802,2019-03-05,-0.0006469024082699226
19569569.251927804,2019-03-06,-0.005023947528385531
19144052.4119278,2019-03-07,-0.02174380204909654
18687217.371927798,2019-03-08,-0.023863027021142624
19066679.411927808,2019-03-11,0.020305968108983663
18935568.251927808,2019-03-12,-0.00687645484393995
18998853.211927798,2019-03-13,0.003342120984066499
19356323.331927802,2019-03-14,0.018815352485358483
19424527.89192779,2019-03-15,0.0035236319847729014
20079510.051927797,2019-03-18,0.033719334835015324
19798627.051927794,2019-03-19,-0.013988538528759364
19830414.651927806,2019-03-20,0.0016055456732753104
19747468.251927793,2019-03-21,-0.004182786969204932
19888914.691927798,2019-03-22,0.007162763256307381
19432884.01192781,2019-03-25,-0.022928887124498254
19313048.411927797,2019-03-26,-0.006166640007034374
19623672.851927806,2019-03-27,0.016083656674736435
19881028.611927792,2019-03-28,0.013114556176200498
20864395.011927806,2019-03-29,0.04946255142000222
21114654.811927795,2019-04-01,0.011994586943782526
20967020.251927804,2019-04-02,-0.0069920423191853764
21051897.8519278,2019-04-03,0.004048147947593561
21477520.851927802,2019-04-04,0.020217797131341753
22027169.6519278,2019-04-08,0.025591817779595516
22066604.21192781,2019-04-09,0.0017902690460531723
22725149.45192779,2019-04-10,0.029843524344539185
22248730.571927804,2019-04-11,-0.020964389299519826
22011111.851927802,2019-04-12,-0.010680102365022814
21866970.171927806,2019-04-15,-0.006548586957790259
22567229.3719278,2019-04-16,0.03202360429882356
22750894.731927786,2019-04-17,0.00813858701806125
22598282.0519278,2019-04-18,-0.006707985852785536
22757631.331927802,2019-04-19,0.007051389111519146
22471652.451927792,2019-04-22,-0.012566284945428219
22853899.9719278,2019-04-23,0.017010209677180033
22811906.411927793,2019-04-24,-0.0018374789445821937
22357084.331927806,2019-04-25,-0.019937925037346815
22145533.971927807,2019-04-26,-0.009462341191686097
22604698.611927804,2019-04-29,0.02073396110394299
22646808.5319278,2019-04-30,0.0018628834970522146
21275180.8119278,2019-05-06,-0.06056604921025677
21061628.491927795,2019-05-07,-0.010037626560629564
20886054.731927797,2019-05-08,-0.008336191100668633
20370784.01192779,2019-05-09,-0.024670562564998444
21334260.251927797,2019-05-10,0.04729696409504203
20973224.411927804,2019-05-13,-0.01692281971517473
20845856.8119278,2019-05-14,-0.006072866884863415
21604821.8119278,2019-05-15,0.03640843390834991
21718299.251927793,2019-05-16,0.005252412678420804
21183842.651927803,2019-05-17,-0.02460858439237823
20822047.411927793,2019-05-20,-0.017078829650723715
21065240.851927802,2019-05-21,0.01167961224892311
20918535.571927804,2019-05-22,-0.006964329581191198
20421267.4119278,2019-05-23,-0.023771652575303892
20697681.731927797,2019-05-24,0.013535610421444577
20770248.9319278,2019-05-27,0.0035060544915068714
20990912.371927805,2019-05-28,0.010624015182639557
21311403.091927793,2019-05-29,0.015268070025798108
21179035.5719278,2019-05-30,-0.006211112399733487
20933927.81192779,2019-05-31,-0.011573131324492003
20972982.65192779,2019-06-03,0.0018656240888414999
20650514.8119278,2019-06-04,-0.015375392491937756
20604978.3319278,2019-06-05,-0.0022051014424927518
20420065.931927804,2019-06-06,-0.008974161342041764
20639816.971927803,2019-06-10,0.010761524508910103
21421472.4919278,2019-06-11,0.037871242805259664
21339525.8919278,2019-06-12,-0.003825441973275945
21362307.651927803,2019-06-13,0.0010675851054693375
21382095.971927803,2019-06-14,0.0009263193996840169
21360693.891927797,2019-06-17,-0.001000934615021043
21445810.811927795,2019-06-18,0.003984745085091168
21726029.6119278,2019-06-19,0.013066365382844447
22606935.9719278,2019-06-20,0.04054612719096973
22624611.331927802,2019-06-21,0.0007818556226262263
22817438.2119278,2019-06-24,0.00852288143964186
22676899.571927793,2019-06-25,-0.00615926462448102
22616973.451927796,2019-06-26,-0.002642606402604608
22957237.731927805,2019-06-27,0.015044642499282057
22738450.451927796,2019-06-28,-0.009530209276690571
23603489.691927794,2019-07-01,0.038043016248130446
23534007.01192781,2019-07-02,-0.0029437460691986717
22934719.0519278,2019-07-03,-0.0254647650821328
22904984.611927796,2019-07-04,-0.0012964815454107326
23210354.45192781,2019-07-05,0.013332025547006632
22815227.5319278,2019-07-08,-0.017023734851545513
22657844.09192779,2019-07-09,-0.006898175342751611
22693755.691927798,2019-07-10,0.0015849522070285893
22716279.65192779,2019-07-11,0.000992517955412886
22734429.0519278,2019-07-12,0.0007989600532352092
22599874.731927797,2019-07-15,-0.005918526464538387
22455935.531927798,2019-07-16,-0.006369026452905491
22372660.0919278,2019-07-17,-0.0037083932611757797
22058785.81192779,2019-07-18,-0.014029367929889403
22337339.5319278,2019-07-19,0.012627790231744651
22284888.371927794,2019-07-22,-0.0023481381891982123
22229241.33192781,2019-07-23,-0.0024970751062896035
22182970.41192781,2019-07-24,-0.0020815339268254185
22465405.491927806,2019-07-25,0.012732067651685108
22550721.1319278,2019-07-26,0.0037976452297132646
22711498.131927803,2019-07-29,0.007129572445130128
22769679.8519278,2019-07-30,0.0025617737615557523
22586596.211927794,2019-07-31,-0.008040676952447479
22285028.731927793,2019-08-01,-0.013351612486025899
22082695.131927792,2019-08-02,-0.009079351094132493
21757751.011927802,2019-08-05,-0.01471487597228005
21815336.6119278,2019-08-06,0.0026466706034289356
21783170.371927798,2019-08-07,-0.0014744782797627698
22304987.331927802,2019-08-08,0.02395505112848384
22088064.4119278,2019-08-09,-0.009725310163682277
23037594.811927807,2019-08-12,0.04298839329204651
22948712.131927796,2019-08-13,-0.003858157968556264
23370677.77192779,2019-08-14,0.018387334224865937
23428056.371927805,2019-08-15,0.0024551534431294098
23605450.451927796,2019-08-16,0.0075718649974119145
23790076.131927796,2019-08-19,0.007821315690458297
23980899.8519278,2019-08-20,0.008021147933356287
23931774.411927804,2019-08-21,-0.002048523629360144
24488220.371927798,2019-08-22,0.023251345697235637
24968492.451927796,2019-08-23,0.019612371691597463
24448774.851927795,2019-08-26,-0.020814937105258613
24611899.17192781,2019-08-27,0.006672085656151072
24429747.011927787,2019-08-28,-0.007400979450126521
24555038.7719278,2019-08-29,0.00512865564833076
25023043.011927802,2019-08-30,0.019059397313395454
25084747.0119278,2019-09-02,0.0024658871413274497
25103371.851927795,2019-09-03,0.0007424766927544013
24988471.091927785,2019-09-04,-0.004577104648640473
25335477.651927803,2019-09-05,0.013886666323979835
25366787.771927804,2019-09-06,0.0012358211844338829
25290742.97192781,2019-09-09,-0.002997809603790258
25050790.291927803,2019-09-10,-0.009487767135443526
24202711.171927802,2019-09-11,-0.033854385834417355
24720876.6919278,2019-09-12,0.021409399811414875
24682862.211927798,2019-09-16,-0.0015377480529409349
24476482.8919278,2019-09-17,-0.00836123939873823
25347292.051927805,2019-09-18,0.03557738110679254
25284818.211927813,2019-09-19,-0.0024647145687991534
25470223.5719278,2019-09-20,0.007332675222182283
25240789.851927806,2019-09-23,-0.009007919359328542
25779675.1719278,2019-09-24,0.021349780381727523
25579277.411927793,2019-09-25,-0.007773478861293981
25496341.251927804,2019-09-26,-0.0032423183291845348
25578103.771927807,2019-09-27,0.0032068334508121854
25147593.691927798,2019-09-30,-0.016831196082349842
25487928.0519278,2019-10-08,0.013533476171489367
25207926.4919278,2019-10-09,-0.010985654048832116
25366266.8919278,2019-10-10,0.006281373442226901
25797799.211927798,2019-10-11,0.01701205470393119
25907245.331927795,2019-10-14,0.004242459564124168
26293017.771927796,2019-10-15,0.01489052329020013
25674616.891927786,2019-10-16,-0.02351958551750022
25855629.251927797,2019-10-17,0.007050245803547739
25613654.451927807,2019-10-18,-0.009358689268100018
25495061.971927803,2019-10-21,-0.004630049188122709
25541722.571927804,2019-10-22,0.0018301818623300825
25322776.251927797,2019-10-23,-0.008572104695892535
25216192.69192779,2019-10-24,-0.00420899979289957
25557721.291927807,2019-10-25,0.013544019280489872
25648833.0919278,2019-10-28,0.003564942232497481
25788558.7719278,2019-10-29,0.00544764276406684
25626256.4119278,2019-10-30,-0.006293580088572948
25572938.5319278,2019-10-31,-0.0020805957430123367
25789610.731927797,2019-11-01,0.008472714222085953
26081802.1719278,2019-11-04,0.011329811955566482
26116714.8919278,2019-11-05,0.0013385854156036103
26011065.611927804,2019-11-06,-0.0040452744702837995
26152646.891927786,2019-11-07,0.005443117252953211
26136241.091927808,2019-11-08,-0.0006273093529604035
25903151.09192779,2019-11-11,-0.00891826790165351
25938147.3719278,2019-11-12,0.0013510433489660745
26254641.451927803,2019-11-13,0.012201876851950288
26324024.131927803,2019-11-14,0.00264268244253274
26204490.411927808,2019-11-15,-0.004540860447511008
26331612.051927794,2019-11-18,0.004851139556681483
26482886.6119278,2019-11-19,0.005744979065530842
26431432.851927806,2019-11-20,-0.0019429060265967468
26409958.851927795,2019-11-21,-0.0008124417666007799
25859141.531927798,2019-11-22,-0.020856424770983262
25833469.731927793,2019-11-25,-0.0009927553073758588
25851470.2519278,2019-11-26,0.0006967906435642046
25896687.411927797,2019-11-27,0.0017491136697196374
25660138.53192781,2019-11-28,-0.009134329662991436
24885024.0519278,2019-11-29,-0.030206948377755838
25015067.131927796,2019-12-02,0.005225756653022717
24784839.0119278,2019-12-03,-0.009203577939079222
24827496.571927797,2019-12-04,0.0017211150727858282
24997185.771927804,2019-12-05,0.00683472856429157
25643490.21192781,2019-12-06,0.02585508808458803
25534673.97192781,2019-12-09,-0.004243425489303454
25632839.811927803,2019-12-10,0.003844413291037574
25609222.891927797,2019-12-11,-0.0009213540198154124
25227210.011927802,2019-12-12,-0.014917003987669153
25775992.89192779,2019-12-13,0.021753609683374142
25578478.851927795,2019-12-16,-0.007662713162131962
25968372.731927805,2019-12-17,0.015243044055007315
25906491.091927804,2019-12-18,-0.0023829617912067835
25749320.251927804,2019-12-19,-0.00606685171844723
25548554.411927797,2019-12-20,-0.007796937473911636
25555286.971927796,2019-12-23,0.0002635201934109155
25577045.1319278,2019-12-24,0.0008514152090681737
25353529.531927798,2019-12-25,-0.008738914086717009
25537853.971927796,2019-12-26,0.00727016882473408
25964914.57192779,2019-12-27,0.016722650245766024
26488938.7319278,2019-12-30,0.02018200978664364
26504401.37192779,2019-12-31,0.000583739505628067
