account_rewards,date
-4042672.9307601,2012-01-09
-8401.847095700712,2012-01-10
4987.028469699223,2012-01-11
-29165.36645630185,2012-01-12
-37876.501343099706,2012-01-13
44049.66798359984,2012-01-16
-44048.0066477988,2012-01-17
22129.147218300386,2012-01-18
16390.588290198113,2012-01-19
-18619.42333049995,2012-01-20
4582.058514598845,2012-01-30
-13852.935420100885,2012-01-31
20080.976146002868,2012-02-01
5187.106712898938,2012-02-02
6092.981940000621,2012-02-03
-21154.640829399228,2012-02-06
31134.599508299496,2012-02-07
4437.18505589705,2012-02-08
1672.10366429877,2012-02-09
6063.399287199575,2012-02-10
-3881.477776499217,2012-02-13
11194.968184500374,2012-02-14
-2386.652754697883,2012-02-15
-5137.989541201228,2012-02-16
899.0433197026014,2012-02-17
11860.559759799677,2012-02-20
17339.198526799628,2012-02-21
547.1167206008357,2012-02-22
15547.982816600314,2012-02-23
10869.350315800228,2012-02-24
1287.1896936008382,2012-02-27
-23695.321319102386,2012-02-28
-13847.34484410179,2012-02-29
34037.84723230235,2012-03-01
-21712.884942199762,2012-03-02
-41131.758381499334,2012-03-05
-21354.003654301396,2012-03-06
42544.40391600068,2012-03-07
32967.226307399695,2012-03-08
-6134.302069199007,2012-03-09
20157.9401978992,2012-03-12
-66691.45381380028,2012-03-13
-6776.566468800455,2012-03-14
65246.12251849933,2012-03-15
-9773.480853697962,2012-03-16
-54379.4289262015,2012-03-19
-13106.144543799384,2012-03-20
-25112.86400160109,2012-03-21
-45163.27330080057,2012-03-22
35485.183748600626,2012-03-23
-14482.820187102672,2012-03-26
-92757.34221709942,2012-03-27
-31975.97536779929,2012-03-28
646.2719270992757,2012-03-29
99871.46489419964,2012-03-30
5429.69887079981,2012-04-05
-10670.803699598646,2012-04-06
15166.515085498293,2012-04-09
57758.455208401385,2012-04-10
25631.907412401444,2012-04-12
-28459.268953601164,2012-04-13
-55750.483225899414,2012-04-16
73950.31169190124,2012-04-17
-40812.631386899775,2012-04-18
31617.455496702154,2012-04-19
-35837.150985502376,2012-04-20
-29977.68945569876,2012-04-23
46026.79089680122,2012-04-24
5223.417783998372,2012-04-25
45719.04636739775,2012-04-26
132591.95642170103,2012-04-27
15787.403816902011,2012-05-02
-240179.66704350073,2012-05-03
25624.362687898894,2012-05-04
-744.6807660990733,2012-05-07
-79374.4813114011,2012-05-08
34439.70483749977,2012-05-09
-23213.927809098983,2012-05-10
-25238.321624800803,2012-05-11
1220.0013177015128,2012-05-14
-42055.47617110017,2012-05-15
46447.747326301374,2012-05-16
-53053.94481370239,2012-05-17
46556.6350499012,2012-05-18
43188.441780200556,2012-05-21
22130.45875540226,2012-05-22
-37649.06931870102,2012-05-23
-52137.50533970046,2012-05-24
70662.44132250024,2012-05-25
21627.495887501216,2012-05-28
-27105.186754199232,2012-05-29
1157.2556948008057,2012-05-30
27019.314719301045,2012-05-31
-84926.80525600069,2012-06-01
11206.475797802586,2012-06-04
-6627.618357100486,2012-06-05
-21135.19944740225,2012-06-06
-16323.988871598891,2012-06-07
65574.13780159916,2012-06-08
-108358.65127789833,2012-06-11
58838.45355570066,2012-06-12
-10700.814285698627,2012-06-13
-21367.44378930012,2012-06-14
-4704.978885500991,2012-06-15
-7763.191823400407,2012-06-18
-45348.62567909947,2012-06-19
-38440.27557049848,2012-06-20
-55461.89159199931,2012-06-21
-121282.5764739014,2012-06-25
-18467.24821559858,2012-06-26
-23915.46347649946,2012-06-27
56880.5663312982,2012-06-28
82232.40873519992,2012-06-29
-10816.516953201506,2012-07-02
-9976.612094198108,2012-07-03
-12364.504983601144,2012-07-04
94592.92187730047,2012-07-05
-23966.674078899825,2012-07-06
-49415.34376040119,2012-07-09
105754.52262010034,2012-07-10
12963.98282820086,2012-07-11
34758.37447040012,2012-07-12
-115415.23073720117,2012-07-13
-53347.64173319913,2012-07-16
-67025.60795400017,2012-07-17
33833.363921500386,2012-07-18
-51445.83252959908,2012-07-19
-40000.98417480092,2012-07-20
45061.091447799925,2012-07-23
-38730.97857339809,2012-07-24
-82353.78444870032,2012-07-25
-51799.618131601295,2012-07-26
-38637.658511398884,2012-07-27
-20086.958467601682,2012-07-30
36589.58976590122,2012-07-31
5250.3250397010615,2012-08-01
41851.775637001185,2012-08-02
85911.94855999651,2012-08-03
8748.542248002876,2012-08-06
-67541.70483120004,2012-08-07
115584.23981040098,2012-08-08
-106403.73580930165,2012-08-09
-80994.87374229959,2012-08-10
-18448.566730200226,2012-08-13
-67024.4521710996,2012-08-14
-62848.89036350225,2012-08-15
-68043.55368479762,2012-08-16
-29140.9403220017,2012-08-17
42959.55696990076,2012-08-20
-95893.82382369875,2012-08-21
-8859.618884201775,2012-08-22
-17912.08385079861,2012-08-23
-117812.53469080255,2012-08-24
17835.97980360231,2012-08-27
-60458.361867299885,2012-08-28
-60228.06049999944,2012-08-29
-22911.403674598525,2012-08-30
86806.03437159823,2012-08-31
-27242.383077199756,2012-09-03
17780.41879539982,2012-09-04
-7205.0233124003835,2012-09-05
230707.53430160152,2012-09-06
-10483.72662550259,2012-09-07
-34957.448266698855,2012-09-10
4182.526514300236,2012-09-11
-30093.70938829838,2012-09-12
-2017.0092729015023,2012-09-13
-174245.65863579971,2012-09-14
-6722.015153399834,2012-09-17
78410.41944530109,2012-09-18
-127797.80035240224,2012-09-19
22169.435745298484,2012-09-20
62326.81431090305,2012-09-21
-4885.472151501734,2012-09-24
-57798.0393046992,2012-09-25
121290.9867604004,2012-09-26
74860.22463379946,2012-09-27
-41501.00221739828,2012-09-28
121092.06489859849,2012-10-08
-52222.98741700363,2012-10-09
-77788.96918160019,2012-10-10
-15129.647316796485,2012-10-11
-8026.409141398604,2012-10-12
24748.18337409739,2012-10-15
-8569.890564298552,2012-10-16
99936.44847379904,2012-10-17
-20163.40337169763,2012-10-18
16016.340302698025,2012-10-19
-160486.64053329904,2012-10-22
-85773.5452343998,2012-10-23
-33342.52120799946,2012-10-24
-84508.17399860012,2012-10-25
-39434.26673719974,2012-10-26
-24347.811336100796,2012-10-29
23459.658953401573,2012-10-30
135866.39960659717,2012-10-31
13430.425627001607,2012-11-01
-3585.5510365001774,2012-11-02
33925.56476830056,2012-11-05
16386.27836749782,2012-11-06
-48651.85343320036,2012-11-07
-42823.64109579867,2012-11-08
-31896.718978396995,2012-11-09
-54290.53094450249,2012-11-12
-14159.043121500923,2012-11-13
-33965.75419819831,2012-11-14
-29754.16340070051,2012-11-15
-60209.40967890038,2012-11-16
-39503.32676570043,2012-11-19
47735.51431210115,2012-11-20
-63082.05668839895,2012-11-21
34666.10911389818,2012-11-22
-41178.24439009949,2012-11-23
-133434.39676589964,2012-11-26
-76891.28898939985,2012-11-27
-32871.18525770041,2012-11-28
99002.94422099863,2012-11-29
-85471.6483714995,2012-11-30
30680.555584702437,2012-12-03
159016.68510879835,2012-12-04
-73741.3917275994,2012-12-05
85489.55535920047,2012-12-06
-10721.7734742005,2012-12-07
-54202.34046620102,2012-12-10
1849.3746832981733,2012-12-11
-37998.721971596904,2012-12-12
183595.09532180178,2012-12-13
-28752.45220830166,2012-12-14
-14671.109700501382,2012-12-17
22574.019922400512,2012-12-18
39592.332276400324,2012-12-19
46649.233749799285,2012-12-20
62533.39136609954,2012-12-21
67798.65582180087,2012-12-24
31622.61448189956,2012-12-25
-7108.845693798741,2012-12-26
64188.38937439827,2012-12-27
130440.6932671016,2012-12-28
-85905.44630140014,2012-12-31
-1599.53968159952,2013-01-04
25204.706958002196,2013-01-07
-27247.604682102407,2013-01-08
13840.044692402576,2013-01-09
-99601.41204620045,2013-01-10
216081.59650519936,2013-01-11
47387.411410501976,2013-01-14
-75557.93681660203,2013-01-15
-73660.16506109983,2013-01-16
156669.98705049913,2013-01-17
-57048.32336050204,2013-01-18
-117960.73734889843,2013-01-21
67723.15883170115,2013-01-22
-121394.824077,2013-01-23
-7019.108422002689,2013-01-24
87007.69439950118,2013-01-25
-21133.61351930045,2013-01-28
-36913.36346180072,2013-01-29
-45320.856015697245,2013-01-30
70388.54232389902,2013-01-31
-36246.596237099744,2013-02-01
54085.92591509794,2013-02-04
11195.999056401306,2013-02-05
35666.873132200024,2013-02-06
115942.12603779993,2013-02-07
-61583.84596439663,2013-02-08
-90947.09659060134,2013-02-18
105482.27726509834,2013-02-19
-154514.53601219936,2013-02-20
-39129.75296280236,2013-02-21
10988.198620602388,2013-02-22
-64888.26535480214,2013-02-25
-35859.31712229712,2013-02-26
132806.41219849998,2013-02-27
-12456.775350600614,2013-02-28
-191441.7794371,2013-03-01
114620.5033364005,2013-03-04
47318.99553819874,2013-03-05
-89532.57366659972,2013-03-06
-35807.62766709976,2013-03-07
-4757.939815700223,2013-03-08
-76955.17102600062,2013-03-11
-64569.986355699104,2013-03-12
85848.18985439846,2013-03-13
-9103.080747899463,2013-03-14
-83436.15641719964,2013-03-15
-25337.15691849686,2013-03-18
182565.25471739846,2013-03-19
27992.96961529907,2013-03-20
15621.546350198973,2013-03-21
-12315.559911898668,2013-03-22
-86723.20261719968,2013-03-25
57949.04258959888,2013-03-26
-122874.72621419911,2013-03-27
7273.426660899163,2013-03-28
-87151.26865459824,2013-03-29
-118093.22521239916,2013-04-01
-53003.12295770119,2013-04-02
-50262.3787155014,2013-04-03
57054.63328120046,2013-04-08
-2806.8611139016343,2013-04-09
-43211.74654069879,2013-04-10
-50526.28707700029,2013-04-11
-66920.40041090111,2013-04-12
50332.098078200754,2013-04-15
72796.22411320076,2013-04-16
-25710.370542099532,2013-04-17
90473.33916360074,2013-04-18
-50645.235748899766,2013-04-19
-122314.6193828007,2013-04-22
128108.58332040114,2013-04-23
-38164.68469030233,2013-04-24
-62346.763206299285,2013-04-25
-81638.37426950052,2013-04-26
74428.41502349912,2013-05-02
78776.92803230071,2013-05-03
21899.864562199342,2013-05-06
50018.960872400494,2013-05-07
-68678.15347249871,2013-05-08
34906.846241499865,2013-05-09
-60734.21825009907,2013-05-10
-123939.89617100074,2013-05-13
19579.509968900795,2013-05-14
82129.49982530031,2013-05-15
51456.608769498074,2013-05-16
-1694.506270599903,2013-05-17
-4981.313295698969,2013-05-20
-9428.527017501172,2013-05-21
-108755.15227890028,2013-05-22
23321.286429400123,2013-05-23
-21973.34158439874,2013-05-24
74602.48794429992,2013-05-27
17368.96726699871,2013-05-28
-41830.51929039841,2013-05-29
-51164.74630270123,2013-05-30
-24273.902315599116,2013-05-31
-50408.51588239972,2013-06-03
26725.23597240075,2013-06-04
-77176.43315980039,2013-06-05
-99960.03906430172,2013-06-06
-133993.7956048987,2013-06-07
51891.04264539701,2013-06-13
42849.447649700225,2013-06-14
78285.77659150385,2013-06-17
-4218.747222800077,2013-06-18
-156738.18440020015,2013-06-19
-10180.320152102284,2013-06-20
-225989.39705169888,2013-06-21
-820.2458175997813,2013-06-24
-17320.960246200495,2013-06-25
-25790.603632598762,2013-06-26
44249.36919940003,2013-06-27
-73826.38796210197,2013-06-28
90712.25714580064,2013-07-01
-71868.53217549984,2013-07-02
-10642.628778396624,2013-07-03
-2545.1699550033677,2013-07-04
-113686.93582299723,2013-07-05
-6269.678445701307,2013-07-08
94754.07236880099,2013-07-09
129120.01514109771,2013-07-10
-23748.96592729766,2013-07-11
57940.99239029655,2013-07-12
56781.364229103296,2013-07-15
-67645.64522310074,2013-07-16
-46007.896620201485,2013-07-17
-123890.08020680065,2013-07-18
74966.73998670198,2013-07-19
111488.6226925013,2013-07-22
33129.09183619783,2013-07-23
-84852.1413726006,2013-07-24
-32650.892989000327,2013-07-25
-83204.46524139894,2013-07-26
-8014.8536678989885,2013-07-29
-37856.6939420006,2013-07-30
119338.60187179926,2013-07-31
541.4923449002763,2013-08-01
90436.32444669891,2013-08-02
66223.9014141006,2013-08-05
-36678.651932197565,2013-08-06
-8589.648813401554,2013-08-07
80675.8857796005,2013-08-08
122859.60405760133,2013-08-09
-19530.00638560437,2013-08-12
-54693.58335999913,2013-08-13
-78488.4564680959,2013-08-14
-98727.11515760244,2013-08-15
87958.42114280032,2013-08-16
-42031.0464622024,2013-08-19
-10549.955170997175,2013-08-20
-26134.167234302633,2013-08-21
-46210.93360849922,2013-08-22
85877.61632210122,2013-08-23
9651.30816189977,2013-08-26
-39960.6906994989,2013-08-27
-8840.02699059998,2013-08-28
14393.30565650072,2013-08-29
-120182.44774630411,2013-08-30
82730.47186880403,2013-09-02
-39714.01820249969,2013-09-03
-34005.641595701854,2013-09-04
19692.84942520171,2013-09-05
77686.457439499,2013-09-06
439.46140800097453,2013-09-09
-7366.291935799633,2013-09-10
10880.932190699648,2013-09-11
-15350.616512399858,2013-09-12
10165.517668397528,2013-09-13
-107772.27387509725,2013-09-16
91882.25196969905,2013-09-17
-19247.689981099295,2013-09-18
12090.287130499892,2013-09-23
-77766.81953399973,2013-09-24
-64102.38706569894,2013-09-25
16267.816063698481,2013-09-26
13321.651188699021,2013-09-27
26133.987740800407,2013-09-30
-16156.536367798088,2013-10-08
-41338.636879802216,2013-10-09
28109.233247901302,2013-10-10
-22268.321659000394,2013-10-11
27990.285836998388,2013-10-14
-125487.38895629825,2013-10-15
15486.217632699952,2013-10-16
6578.5137160016075,2013-10-17
130589.61301420059,2013-10-18
-61626.137939802364,2013-10-21
-48051.646983601335,2013-10-22
-29516.687979000646,2013-10-23
-225976.03649199827,2013-10-24
-93432.71601909894,2013-10-25
-58327.62194819933,2013-10-28
-2134.178784300526,2013-10-29
-22386.116485300365,2013-10-30
9977.953574200501,2013-10-31
-48850.25831869801,2013-11-01
34166.650423499676,2013-11-04
-59756.24286640343,2013-11-05
-50800.21435689981,2013-11-06
-95599.62322669834,2013-11-07
66013.5429027988,2013-11-08
70174.01704130034,2013-11-11
-71306.42131989867,2013-11-12
79545.6887857988,2013-11-13
53529.17870889942,2013-11-14
148625.66190270125,2013-11-15
-51616.4816096003,2013-11-18
12645.270645901412,2013-11-19
-70101.43503180081,2013-11-20
-8234.376892600889,2013-11-21
-19885.265997401017,2013-11-22
-1657.1353090983512,2013-11-25
15099.900631899673,2013-11-26
60693.96240879968,2013-11-27
18830.434568599725,2013-11-28
-77569.19140490082,2013-11-29
47809.706869899484,2013-12-02
106945.78194370308,2013-12-03
-49244.92523529922,2013-12-04
-36063.62784310229,2013-12-05
13175.798388500223,2013-12-06
-4034.2670960004198,2013-12-09
-80586.2224547013,2013-12-10
22279.054843902548,2013-12-11
9783.434916600374,2013-12-12
-109982.25655950153,2013-12-13
-48901.18581910023,2013-12-16
23865.42440220223,2013-12-17
-118304.27667750123,2013-12-18
-145313.0189342017,2013-12-19
49704.016559502496,2013-12-20
7387.75184859834,2013-12-23
-5140.3677310009725,2013-12-24
-75573.87505099771,2013-12-25
96922.40684019875,2013-12-26
17844.93164930142,2013-12-27
37763.86860339854,2013-12-30
-3753.4110045982225,2013-12-31
-87522.3686929013,2014-01-02
-121657.50727150093,2014-01-03
394.5064734009753,2014-01-06
-21488.681298198808,2014-01-07
-48702.55431720356,2014-01-08
32649.508907603118,2014-01-09
-71633.73035310066,2014-01-10
65686.2262771014,2014-01-13
24755.870058297365,2014-01-14
-9544.882453498016,2014-01-15
-82361.19064720016,2014-01-16
-41707.85704190023,2014-01-17
21135.80219100007,2014-01-20
91450.8303413019,2014-01-21
-15000.465761200654,2014-01-22
14896.469138000131,2014-01-23
-42056.82192139892,2014-01-24
-11702.662647800445,2014-01-27
-8346.79751770089,2014-01-28
-43023.916441898364,2014-01-29
-9433.210607200535,2014-01-30
88823.3265042007,2014-02-07
105127.6253108003,2014-02-10
17493.66100689931,2014-02-11
-46477.46343739953,2014-02-12
49262.32408369999,2014-02-13
18885.282881400537,2014-02-14
-39114.2923802014,2014-02-17
18308.305621301195,2014-02-18
-28574.54197899904,2014-02-19
-43086.884316299256,2014-02-20
5817.426148098914,2014-02-21
-129699.12030240239,2014-02-24
16381.939278502066,2014-02-25
-64018.92245650059,2014-02-26
65005.588924701115,2014-02-27
-2563.8869385012404,2014-02-28
-49864.72298359767,2014-03-03
-44703.6158982007,2014-03-04
19455.093968701996,2014-03-05
-8921.250689403036,2014-03-06
-135093.20772189947,2014-03-07
50517.39755520095,2014-03-10
-51332.20177939922,2014-03-11
63654.50870979764,2014-03-12
-54394.10409349916,2014-03-13
55667.23333490023,2014-03-14
-27265.9146174998,2014-03-17
-63589.76902040049,2014-03-18
-101702.49037150102,2014-03-19
106041.28037470131,2014-03-20
14125.921192900743,2014-03-21
-33799.14991540054,2014-03-24
10563.477080900653,2014-03-25
-81758.45672640062,2014-03-26
-82131.08251580028,2014-03-27
13255.945660399422,2014-03-28
37031.42181370101,2014-03-31
-16973.342560500852,2014-04-01
-25391.84510349901,2014-04-02
41281.984244800056,2014-04-03
155322.49071679986,2014-04-04
-16026.22339519949,2014-04-08
90411.56309969851,2014-04-09
-3995.104469798586,2014-04-10
3721.9560073986713,2014-04-11
-86655.57369649877,2014-04-14
-40251.621708001694,2014-04-15
-44874.66198039905,2014-04-16
-23700.463886500715,2014-04-17
-99869.32348729875,2014-04-18
-7031.397361400279,2014-04-21
-14844.092443500052,2014-04-22
-21893.134699900245,2014-04-23
-103467.62126210035,2014-04-24
-110245.5337367999,2014-04-25
48851.05482759987,2014-04-28
48252.96044550007,2014-04-29
15110.33682200096,2014-04-30
16870.388692499717,2014-05-05
-60127.089017899176,2014-05-06
-15887.155316000673,2014-05-07
-9786.010858200423,2014-05-08
68767.69045519925,2014-05-09
-28995.640645499767,2014-05-12
-9883.001256900474,2014-05-13
-132884.74190889942,2014-05-14
1298.4661007013694,2014-05-15
-98697.62059560079,2014-05-16
6719.30065899971,2014-05-19
50919.05139330029,2014-05-20
-18503.346323498838,2014-05-21
57795.60348969885,2014-05-22
4036.6225198994052,2014-05-23
-53789.696467899754,2014-05-26
38518.23358259985,2014-05-27
-2123.89004739955,2014-05-28
1004.3950906020775,2014-05-29
-32846.05086140112,2014-05-30
-58247.84614680092,2014-06-03
59653.60927370055,2014-06-04
-31080.30033350007,2014-06-05
8351.751478600228,2014-06-06
43083.417838499525,2014-06-09
19327.492737199827,2014-06-10
-42145.041240899714,2014-06-11
22739.38040509825,2014-06-12
-601.9218661993328,2014-06-13
-49038.456318697994,2014-06-16
-34291.98397750122,2014-06-17
-66982.92588729833,2014-06-18
9074.139415998765,2014-06-19
40839.7421641007,2014-06-20
32143.767535198993,2014-06-23
-144272.53460200015,2014-06-24
28874.138044901305,2014-06-25
20659.295830999687,2014-06-26
47815.329562299325,2014-06-27
-18000.273802599582,2014-06-30
-14208.693408100535,2014-07-01
6383.026569899486,2014-07-02
-40777.469674600085,2014-07-03
-21934.864277100234,2014-07-04
-50614.20418139919,2014-07-07
-92866.65103049779,2014-07-08
-20687.495400402368,2014-07-09
22774.56131159988,2014-07-10
73536.86406540177,2014-07-11
22001.828675597997,2014-07-14
-91230.7689359995,2014-07-15
-44598.603849999396,2014-07-16
45474.87566160013,2014-07-17
3771.304456899696,2014-07-18
32716.063055800136,2014-07-21
-10975.376095397982,2014-07-22
36485.62227359615,2014-07-23
32036.620747202247,2014-07-24
93736.80371089868,2014-07-25
10914.009501301662,2014-07-28
17181.554575001683,2014-07-29
48736.72803099777,2014-07-30
-26590.557869398915,2014-07-31
101618.93306319926,2014-08-01
3865.771209499854,2014-08-04
-29044.109955900884,2014-08-05
-74769.06541059929,2014-08-06
3835.902383199851,2014-08-07
57292.15250980039,2014-08-08
-32904.81551000041,2014-08-11
-612.6666616010839,2014-08-12
-72342.98053099906,2014-08-13
82559.44999440091,2014-08-14
107677.87555259919,2014-08-15
-27869.65888829985,2014-08-18
-23262.340835199368,2014-08-19
-58632.53816610111,2014-08-20
4571.102803600719,2014-08-21
-41564.53916760042,2014-08-22
-22170.496824499915,2014-08-25
-799.167460700497,2014-08-26
-32836.30310629962,2014-08-27
81266.13515940154,2014-08-28
24183.393528198,2014-08-29
59911.28951769937,2014-09-01
32291.573137100728,2014-09-02
60413.48683870104,2014-09-03
24839.334159600206,2014-09-04
-37739.43109020037,2014-09-05
-35860.47788350088,2014-09-09
-36387.5562176996,2014-09-10
24228.330785900616,2014-09-11
3882.175533298957,2014-09-12
-142073.11428239997,2014-09-15
-1950.5868818991962,2014-09-16
3977.9777019982935,2014-09-17
67777.64611730067,2014-09-18
-80920.1390651986,2014-09-19
50929.12032189805,2014-09-22
53353.984825099964,2014-09-23
1652.0433394012457,2014-09-24
-50586.23846859943,2014-09-25
-47227.177634899854,2014-09-26
13389.256424098487,2014-09-29
93980.3818294009,2014-09-30
-27272.399490498672,2014-10-08
-64659.48862939926,2014-10-09
-27316.98679000194,2014-10-10
-8497.369215098712,2014-10-13
73173.44947150016,2014-10-14
-48192.47116280249,2014-10-15
31805.831867202003,2014-10-16
-19117.62481370053,2014-10-17
-77803.90661309929,2014-10-20
-31584.960585897712,2014-10-21
-30994.804362902167,2014-10-22
-17648.7890977007,2014-10-23
-19969.66737959938,2014-10-24
80340.21158449972,2014-10-27
41478.60408030041,2014-10-28
-5478.935268600574,2014-10-29
27325.910885800018,2014-10-30
-39342.19602779985,2014-10-31
-67288.39785739998,2014-11-03
-97531.88617990007,2014-11-04
-27384.289684498974,2014-11-05
13728.272727801555,2014-11-06
122939.4634587987,2014-11-07
17818.604749298098,2014-11-10
68271.58414300124,2014-11-11
-29974.999218500052,2014-11-12
38238.01271639929,2014-11-13
-962.0375343987514,2014-11-14
-76156.792346602,2014-11-17
-15517.232982499438,2014-11-18
-32905.14346369829,2014-11-19
87802.50687859897,2014-11-20
19778.68401250028,2014-11-21
108833.36830319877,2014-11-24
98982.94651010208,2014-11-25
70486.21429239691,2014-11-26
-23231.15460949675,2014-11-27
8027.3577452993995,2014-11-28
117226.18027199943,2014-12-01
68177.03420329979,2014-12-02
188943.2766247988,2014-12-03
-91503.19641509699,2014-12-04
108048.69811659965,2014-12-05
-197638.29754640113,2014-12-08
216457.73142950103,2014-12-09
-138046.43459060226,2014-12-10
-42208.48796539938,2014-12-11
87907.50812089989,2014-12-12
-28274.1869135986,2014-12-15
-30961.849708698817,2014-12-16
56219.73899939662,2014-12-17
36036.531271499574,2014-12-18
1959.9630274018268,2014-12-19
75127.43624420257,2014-12-22
-231638.1276300032,2014-12-23
131737.62050709978,2014-12-24
110940.96344220251,2014-12-25
-38180.99288740158,2014-12-26
41076.60408530056,2014-12-29
96309.6889656,2014-12-30
240718.76619299914,2014-12-31
135336.83541409858,2015-01-05
-126623.98132929724,2015-01-06
-165719.23691290076,2015-01-07
-46404.45331539825,2015-01-08
-8223.959817901676,2015-01-09
8059.690993498323,2015-01-12
-89624.85150109584,2015-01-13
43029.59174139905,2015-01-14
15620.48218480036,2015-01-15
-401754.1182763005,2015-01-16
126121.48404079738,2015-01-19
189916.78362470175,2015-01-20
23216.932843999133,2015-01-21
21001.349132699306,2015-01-22
99111.9742885,2015-01-23
-29808.209479098423,2015-01-26
-145764.96386610088,2015-01-27
-97803.02771109715,2015-01-28
-6205.935317501975,2015-01-29
18200.66997770213,2015-01-30
113152.20015159721,2015-02-02
-23581.48451849956,2015-02-03
-155368.91351669905,2015-02-04
-66580.37501910035,2015-02-05
140576.33899570067,2015-02-06
-5913.445592600416,2015-02-09
62466.87431740061,2015-02-10
-31994.3223996976,2015-02-11
-30076.668323802416,2015-02-12
71707.22887759776,2015-02-13
2021.6831566020555,2015-02-16
-95874.56298909898,2015-02-17
48964.60746119785,2015-02-25
27561.557241098555,2015-02-26
-40886.247934496845,2015-02-27
-158476.9772232,2015-03-02
132814.7189924,2015-03-03
-134650.60479940262,2015-03-04
-50456.71971779893,2015-03-05
116842.03733960063,2015-03-06
-61325.24176439976,2015-03-09
57880.94505469898,2015-03-10
242512.23977940148,2015-03-11
16065.258512498438,2015-03-12
212657.71569609924,2015-03-13
99699.31614890293,2015-03-16
56528.55756689989,2015-03-17
-120452.58260620036,2015-03-18
-9410.296889102021,2015-03-19
92618.10960389992,2015-03-20
67520.16073010028,2015-03-23
-110065.00972009961,2015-03-24
-621.3264778998509,2015-03-25
-69726.29884999804,2015-03-26
85412.25244259734,2015-03-27
-17001.810742399073,2015-03-30
138678.7327065985,2015-03-31
83992.63066590324,2015-04-01
80169.16791919831,2015-04-02
80210.82510559885,2015-04-03
-48051.76928169554,2015-04-07
-134539.6845588025,2015-04-08
224818.19385190017,2015-04-09
215676.84940749902,2015-04-10
89159.86083980113,2015-04-13
-174912.53745909964,2015-04-14
446601.2090604989,2015-04-15
-20776.386897199405,2015-04-16
-222769.43283630128,2015-04-17
278241.38058869867,2015-04-20
190822.03846530028,2015-04-21
-130369.81053259752,2015-04-22
3359.454590399558,2015-04-23
115999.55574149796,2015-04-24
-75892.5385556001,2015-04-27
39747.8318542979,2015-04-28
-42534.84776270074,2015-04-29
-9652.060436798696,2015-04-30
-363283.55005109817,2015-05-04
65073.40165909771,2015-05-05
-51787.82194909706,2015-05-06
251954.6957635,2015-05-07
137398.3055563006,2015-05-08
54959.404434399294,2015-05-11
4353.980722200884,2015-05-12
-105589.50624220063,2015-05-13
-229733.36546759986,2015-05-14
-51957.84391519968,2015-05-15
188412.87506040148,2015-05-18
70614.27952659686,2015-05-19
122316.78369030051,2015-05-20
217734.3898773043,2015-05-21
417471.94577979407,2015-05-22
127959.46113860443,2015-05-25
5599.036484296859,2015-05-26
-460892.81089589774,2015-05-27
314789.64217449864,2015-05-28
507677.48969660123,2015-05-29
168045.54217710113,2015-06-01
-40897.70454409922,2015-06-02
-1769224.7796373027,2015-06-03
47431.33577749943,2015-06-04
149122.71603620256,2015-06-05
-133103.1854400995,2015-06-08
244422.87439779885,2015-06-09
-20565.012404102956,2015-06-10
-48828.56932440202,2015-06-11
-295465.64291649807,2015-06-12
-249790.77387759832,2015-06-15
164974.4060462993,2015-06-16
-348928.79768419766,2015-06-17
-452183.15706320066,2015-06-18
316616.8981598959,2015-06-19
159075.47637150055,2015-06-23
-246887.25858979902,2015-06-24
-629523.2720361991,2015-06-25
-190932.7227798993,2015-06-26
518083.27645409864,2015-06-29
-188743.15448419942,2015-06-30
-279900.3456596971,2015-07-01
-312497.8777969004,2015-07-02
-6892.288828900426,2015-07-03
-263642.6937167014,2015-07-06
-352678.17995930003,2015-07-07
364512.54297070135,2015-07-08
310713.06521080073,2015-07-09
267876.1542923988,2015-07-10
-168356.027897799,2015-07-13
-245196.45369070064,2015-07-14
-70311.91864049839,2015-07-15
314839.59725289716,2015-07-16
143010.06361070168,2015-07-17
142506.4707087993,2015-07-20
74125.251975301,2015-07-21
134291.00145199953,2015-07-22
-166193.84071399877,2015-07-23
-840537.6605171016,2015-07-24
-60038.171052399,2015-07-27
201375.4687784986,2015-07-28
-199311.1854698024,2015-07-29
-68386.13294099871,2015-07-30
-172785.25283270073,2015-07-31
255800.71235939977,2015-08-03
-165009.4143456986,2015-08-04
-20253.370676197716,2015-08-05
196664.34945469786,2015-08-06
373222.4429858991,2015-08-07
21815.207688300252,2015-08-10
-147472.58990420273,2015-08-11
79884.92612820298,2015-08-12
-2986.4401508989777,2015-08-13
-66104.23276550279,2015-08-14
-442662.51706429897,2015-08-17
88392.20422469958,2015-08-18
-181725.4272034995,2015-08-19
-279391.25591399876,2015-08-20
-514386.5223231002,2015-08-21
-396063.4102822017,2015-08-24
-8420.075908698598,2015-08-25
341896.2115118979,2015-08-26
208651.2228659015,2015-08-27
-82921.65053099976,2015-08-28
-58239.732541699654,2015-08-31
42288.46083259793,2015-09-01
-219336.68096889893,2015-09-02
154298.76207739965,2015-09-07
140578.9805810997,2015-09-08
-86849.52138259956,2015-09-09
-41184.4223033004,2015-09-10
-148867.60489840028,2015-09-11
-133390.05809480118,2015-09-14
301965.49992340244,2015-09-15
-178728.9207467993,2015-09-16
57301.530258200066,2015-09-17
139514.93516379906,2015-09-18
4618.141526702591,2015-09-21
-141393.56803970173,2015-09-22
55576.25332659924,2015-09-23
-82090.44641449848,2015-09-24
62403.999805199106,2015-09-25
-142320.2706675994,2015-09-28
-5347.018001299997,2015-09-29
139128.40680960077,2015-09-30
40661.652114598684,2015-10-08
201241.2154635005,2015-10-09
14924.404336699912,2015-10-12
-18549.204893799404,2015-10-13
116502.56241230045,2015-10-14
113863.50523590008,2015-10-15
-2407.099905397536,2015-10-16
85688.00078889854,2015-10-19
-209798.10310340166,2015-10-20
74794.08683389939,2015-10-21
121301.60153640105,2015-10-22
-39507.42041649799,2015-10-23
102323.6397328986,2015-10-26
-169270.31178230024,2015-10-27
-39053.75711349989,2015-10-28
-34966.98587949914,2015-10-29
-97996.78838539876,2015-10-30
-28213.344988700403,2015-11-02
329503.3122130998,2015-11-03
111863.57955239998,2015-11-04
197822.32239369926,2015-11-05
146794.08015929948,2015-11-06
-36234.39456249714,2015-11-09
-35173.9817075015,2015-11-10
-76733.05287350024,2015-11-11
-150790.62624740286,2015-11-12
-22920.82348549593,2015-11-13
-66169.07349170296,2015-11-16
-101148.44793799892,2015-11-17
64618.74018200241,2015-11-18
-31946.329389403254,2015-11-19
-83915.25204909645,2015-11-20
1290.1203439975302,2015-11-23
75710.88355909995,2015-11-24
-67193.60334929971,2015-11-25
-355297.26519730105,2015-11-26
-62776.77194959797,2015-11-27
49978.87690209883,2015-11-30
258115.41185139958,2015-12-01
28909.487139101784,2015-12-02
-126150.86623920094,2015-12-03
58989.0268253998,2015-12-04
-102164.81767789925,2015-12-07
65953.83709479887,2015-12-08
-41821.51155599923,2015-12-09
-97470.32017730053,2015-12-10
163577.61870720028,2015-12-11
-14793.755167599877,2015-12-14
-96535.63206110316,2015-12-15
111045.68057500319,2015-12-16
16926.717475701047,2015-12-17
247354.8175059989,2015-12-18
27493.80117880215,2015-12-21
-32055.74936740116,2015-12-22
-93415.53367680176,2015-12-23
-27551.0570269982,2015-12-24
-235994.88225810032,2015-12-25
76080.81837279964,2015-12-28
82250.08336109927,2015-12-29
-112588.1586404986,2015-12-30
-543742.7293477999,2015-12-31
-31245.154341901096,2016-01-04
100596.13384070009,2016-01-05
-562077.3331683987,2016-01-06
119144.7912803992,2016-01-07
-330819.1560522993,2016-01-08
39586.58754270225,2016-01-11
-165499.71621640038,2016-01-12
116891.23129939786,2016-01-13
-246010.0751830005,2016-01-14
347.00467189989763,2016-01-15
190096.14349070072,2016-01-18
-151855.94428130242,2016-01-19
-186785.7351058982,2016-01-20
43465.75339189967,2016-01-21
26805.24732799967,2016-01-22
-390084.41939359915,2016-01-25
-83147.95737569954,2016-01-26
-137390.5885392996,2016-01-27
191145.15385330058,2016-01-28
-83306.11838960143,2016-01-29
104825.72944680003,2016-02-01
-14062.058146998905,2016-02-02
63121.086495700576,2016-02-03
-70284.30624620139,2016-02-04
-69941.2727904001,2016-02-05
197102.11931800013,2016-02-15
-15549.75431820006,2016-02-16
-39624.85066029795,2016-02-17
-16350.672944199552,2016-02-18
161059.55116289866,2016-02-19
-67066.04781220062,2016-02-22
63381.90702150142,2016-02-23
-407505.3909733017,2016-02-24
49470.862920501815,2016-02-25
-173687.3229306009,2016-02-26
119175.69249970018,2016-02-29
248606.51457260168,2016-03-01
-15388.24966680145,2016-03-02
46128.16670749983,2016-03-03
60643.54130429913,2016-03-04
-17746.14649439976,2016-03-07
-93945.71567019983,2016-03-08
-131936.35025399903,2016-03-09
123.25152370021488,2016-03-10
114264.87839919867,2016-03-11
105910.00875240027,2016-03-14
16304.234141099432,2016-03-15
111249.1966116021,2016-03-16
135392.7647861979,2016-03-17
178678.80475600163,2016-03-18
-54974.83383099943,2016-03-21
26118.52690740082,2016-03-22
-62965.984229001355,2016-03-23
-26361.00997480125,2016-03-24
17204.156867501242,2016-03-25
-66401.64674829952,2016-03-28
174713.4219006965,2016-03-29
-658.220183995086,2016-03-30
-31789.740193501577,2016-03-31
150244.2394354014,2016-04-01
-30183.153467001102,2016-04-05
-120071.68150260205,2016-04-06
-22702.59560989852,2016-04-07
71688.21794610024,2016-04-08
-3100.355928998724,2016-04-11
75707.81076849815,2016-04-12
16530.336511299243,2016-04-13
11153.75454490273,2016-04-14
-119701.11540779808,2016-04-15
14127.748988197793,2016-04-18
-111519.3589329008,2016-04-19
-103576.16553959997,2016-04-20
4284.547956199241,2016-04-21
-74765.90125000147,2016-04-22
59544.01710110221,2016-04-25
-45022.16581649816,2016-04-26
16985.591986697775,2016-04-27
-4802.549177399473,2016-04-28
144549.81876700066,2016-04-29
-9493.500419002892,2016-05-03
9549.40810470003,2016-05-04
-216764.96118029923,2016-05-05
-182818.9876279992,2016-05-06
-2756.687534701133,2016-05-09
82269.15348940062,2016-05-10
4798.727061002765,2016-05-11
-46471.076409403235,2016-05-12
90097.23931739976,2016-05-13
33698.809775700356,2016-05-16
-80552.79253539747,2016-05-17
-42551.41670610315,2016-05-18
99247.690589701,2016-05-19
-9128.550717900165,2016-05-20
-500446.55993829906,2016-05-23
-54181.299009199465,2016-05-24
26203.24716129815,2016-05-25
-34687.27463679907,2016-05-26
-29718.636044299812,2016-05-27
234340.8554454016,2016-05-30
-19799.37519110064,2016-05-31
18273.559587298798,2016-06-01
112450.50663730183,2016-06-02
6413.4129351996335,2016-06-03
18375.900619898905,2016-06-06
-65775.02151109914,2016-06-07
-230097.73334099803,2016-06-08
-30641.877021000517,2016-06-13
103267.33291129749,2016-06-14
-108063.15396529908,2016-06-15
59639.90010070106,2016-06-16
14980.845620999527,2016-06-17
-82717.65834560142,2016-06-20
83332.8429292011,2016-06-21
-63061.780421600124,2016-06-22
-83041.90607099925,2016-06-23
133222.75351079978,2016-06-24
66865.51089309962,2016-06-27
-52371.91439149891,2016-06-28
44560.32819339811,2016-06-29
-51659.48717030032,2016-06-30
87552.9883946032,2016-07-01
19644.649874696406,2016-07-04
100225.37151650153,2016-07-05
18633.15797080121,2016-07-06
-45473.48103430166,2016-07-07
39256.54992620105,2016-07-08
89135.15897010089,2016-07-11
-44462.4504958032,2016-07-12
-22117.766367099277,2016-07-13
-11670.061873600132,2016-07-14
-38279.98825250183,2016-07-15
-57887.656911799684,2016-07-18
-4267.183053599166,2016-07-19
69535.62789140269,2016-07-20
-58738.25395500283,2016-07-21
-14785.60759339958,2016-07-22
94131.6761477998,2016-07-25
-126161.69430849882,2016-07-26
34469.52113329862,2016-07-27
6524.538072298515,2016-07-28
-130803.13631589958,2016-07-29
9940.909357000704,2016-08-01
-20318.548012499392,2016-08-02
-6664.297389798998,2016-08-03
-19058.049656502273,2016-08-04
59164.08514110204,2016-08-05
52776.51651410045,2016-08-08
-3514.9565524024115,2016-08-09
-20371.069912299292,2016-08-10
46980.66140690121,2016-08-11
165720.45768840183,2016-08-12
-45752.352659003314,2016-08-15
-24649.932130596106,2016-08-16
-38873.7159778018,2016-08-17
-24560.40948269989,2016-08-18
-43562.17023250058,2016-08-19
2767.497462202082,2016-08-22
-12497.779951699822,2016-08-23
-39065.762611501596,2016-08-24
-9519.744183298035,2016-08-25
12761.329759598459,2016-08-26
13181.295383897832,2016-08-29
18658.794285302116,2016-08-30
-33663.56354779726,2016-08-31
-15095.70417940444,2016-09-01
-26133.99651269798,2016-09-02
40586.58658610023,2016-09-05
-8488.904968700404,2016-09-06
-11187.94561019881,2016-09-07
-36030.913364701446,2016-09-08
-98619.80949630016,2016-09-09
23286.223904800467,2016-09-12
-38213.484561600744,2016-09-13
30093.84803290129,2016-09-14
-40184.653196501786,2016-09-19
-14470.27158389759,2016-09-20
32005.99729179889,2016-09-21
-29327.508905899274,2016-09-22
-116635.21028919988,2016-09-23
25059.789268197634,2016-09-26
-2972.9747712960852,2016-09-27
33490.913591998906,2016-09-28
8615.126490698036,2016-09-29
91885.62253590119,2016-09-30
11505.471354601483,2016-10-10
-55016.1486247018,2016-10-11
-18943.637121797758,2016-10-12
-18171.038151301305,2016-10-13
-48624.586141500426,2016-10-14
61313.64383739815,2016-10-17
-15528.443276199658,2016-10-18
-15883.568817696945,2016-10-19
-31317.036539102228,2016-10-20
56537.734916201545,2016-10-21
5040.802377399201,2016-10-24
-6697.997763399406,2016-10-25
-374.10357490087927,2016-10-26
-26124.59877479813,2016-10-27
-21629.615380600626,2016-10-28
-14158.773512801268,2016-10-31
-60525.63234919851,2016-11-01
9945.718123399576,2016-11-02
-44959.20660869844,2016-11-03
-14323.61057980463,2016-11-04
31792.48100070165,2016-11-07
-83527.27066199973,2016-11-08
61212.784722601245,2016-11-09
42842.04767989946,2016-11-10
10165.160978501031,2016-11-11
-7061.20723730255,2016-11-14
-1346.48645539722,2016-11-15
-7842.056780003402,2016-11-16
-38716.916295098265,2016-11-17
40971.363643301025,2016-11-18
74573.88744859827,2016-11-21
-33524.83382469919,2016-11-22
2227.9276081990242,2016-11-23
9945.029760201987,2016-11-24
7807.860652600615,2016-11-25
15749.049093899228,2016-11-28
-57967.13338579856,2016-11-29
14998.086095600203,2016-11-30
-62205.07511570263,2016-12-01
-73183.64525829903,2016-12-02
-26350.043673500422,2016-12-05
19094.52929030278,2016-12-06
-43063.99932520171,2016-12-07
-8222.735601098133,2016-12-08
-203232.67878720313,2016-12-09
-39082.24524009864,2016-12-12
-24590.388464397533,2016-12-13
-54125.76384940211,2016-12-14
53547.441197099426,2016-12-15
-59645.12164509872,2016-12-16
-16419.68621300078,2016-12-19
24239.12569300033,2016-12-20
-48075.8175114008,2016-12-21
-81729.21673129861,2016-12-22
-9601.71673150222,2016-12-23
-48362.092206697926,2016-12-26
-42110.57730890113,2016-12-27
-16723.117063098907,2016-12-28
47332.5955576006,2016-12-29
59154.222290397665,2016-12-30
43413.029353699974,2017-01-03
13359.250856700946,2017-01-04
-50212.15253589921,2017-01-05
27804.731978900145,2017-01-06
-34732.12746970079,2017-01-09
-52400.70963780068,2017-01-10
-22493.61906000048,2017-01-11
2324.1053164003893,2017-01-12
50244.12485480022,2017-01-13
2344.6369954003876,2017-01-16
-16715.597473101883,2017-01-17
-47488.96416469844,2017-01-18
34406.54522649844,2017-01-19
1242.3025023021798,2017-01-20
9837.378652998928,2017-01-23
15465.227753701218,2017-01-24
4121.761579698966,2017-01-25
-48532.965483600245,2017-01-26
12959.268934100952,2017-02-03
-26620.243697701113,2017-02-06
23558.08823240058,2017-02-07
18715.007049499673,2017-02-08
5824.433611598814,2017-02-09
58840.21526840094,2017-02-10
-21750.237940098858,2017-02-13
-43041.84908380044,2017-02-14
-11049.522057801369,2017-02-15
-50514.86723880176,2017-02-16
54708.89322330298,2017-02-17
22720.19560020005,2017-02-20
62877.84011399982,2017-02-21
-28925.531169598686,2017-02-22
-1875.6439990989031,2017-02-23
-25570.39043060063,2017-02-24
3311.534777598746,2017-02-27
2151.630590898739,2017-02-28
-25087.444201297607,2017-03-01
-21566.479090697747,2017-03-02
233.21428459805264,2017-03-03
31809.26727199802,2017-03-06
-11051.374703097845,2017-03-07
-58970.88859140308,2017-03-08
-41171.78650299553,2017-03-09
16990.186574899984,2017-03-10
577.2837495952463,2017-03-13
-4692.942406497009,2017-03-14
18559.308878000797,2017-03-15
-52722.97983959998,2017-03-16
28558.656603399133,2017-03-17
35059.269612500495,2017-03-20
21226.321332597316,2017-03-21
12575.424856600968,2017-03-22
5048.969238200372,2017-03-23
-78536.16642059802,2017-03-24
2844.3792907973457,2017-03-27
-49094.88433719871,2017-03-28
-107243.33311819806,2017-03-29
58081.249518097124,2017-03-30
86660.19194439969,2017-03-31
2121.9724227014663,2017-04-05
-3199.5761764976014,2017-04-06
-11387.43610900116,2017-04-07
-13169.465323801254,2017-04-10
-109207.71762520062,2017-04-11
13195.730827902646,2017-04-12
-46625.07960330092,2017-04-13
-8101.760841498778,2017-04-14
24442.599978797345,2017-04-17
-48132.070227497934,2017-04-18
105603.09025719929,2017-04-19
-59691.13210869776,2017-04-20
-44323.989779103584,2017-04-21
83858.74669340026,2017-04-24
-24635.26592129759,2017-04-25
46354.41635679852,2017-04-26
-119443.77630980087,2017-04-27
-11608.489953299768,2017-04-28
-10637.42805469914,2017-05-02
-34109.092720301145,2017-05-03
-76179.14367339722,2017-05-04
-32407.44725620108,2017-05-05
-18425.324819901944,2017-05-08
-38532.23875669657,2017-05-09
-17114.997370201556,2017-05-10
45863.26560199998,2017-05-11
34542.66186449928,2017-05-12
98252.84472469888,2017-05-15
-65274.825557798074,2017-05-16
-15821.245462200362,2017-05-17
47940.87647220162,2017-05-18
-1813.0319486010346,2017-05-19
76412.8720478009,2017-05-22
-36221.89654139942,2017-05-23
59106.51514749753,2017-05-24
-9628.344632797658,2017-05-25
-90677.0077057028,2017-05-26
47721.98054500131,2017-05-31
-33287.94595920008,2017-06-01
-56854.26843749978,2017-06-02
89353.22855089999,2017-06-05
94294.60928709888,2017-06-06
126002.01623870239,2017-06-07
13213.521492099599,2017-06-08
34353.97753120013,2017-06-09
16578.1178381011,2017-06-12
-94897.19795080367,2017-06-13
-18144.187268997262,2017-06-14
-330986.7161009993,2017-06-15
51356.225597898825,2017-06-16
-41211.920771898716,2017-06-19
92158.14255749968,2017-06-20
-79476.82317710137,2017-06-21
90331.43330529901,2017-06-22
69895.41922980151,2017-06-23
-22071.523079501098,2017-06-26
-84084.14854799898,2017-06-27
90669.21718139928,2017-06-28
17670.826448502103,2017-06-29
-39388.64316120314,2017-06-30
-73609.56401040015,2017-07-03
72139.93563130124,2017-07-04
-45157.35048530272,2017-07-05
-44286.47132029738,2017-07-06
-30868.36582259756,2017-07-07
55568.84568459578,2017-07-10
-56081.93473969721,2017-07-11
49343.238692599225,2017-07-12
9143.451419798657,2017-07-13
-141731.0668731,2017-07-14
15106.184846401216,2017-07-17
46092.27029739985,2017-07-18
10352.099062902784,2017-07-19
-44676.83052350267,2017-07-20
14496.227811001463,2017-07-21
-11939.073171800661,2017-07-24
14563.202695801632,2017-07-25
99256.77295019885,2017-07-26
11221.187176600817,2017-07-27
57483.54297600022,2017-07-28
55085.40315420106,2017-07-31
-17300.87802059963,2017-08-01
-41023.3337261025,2017-08-02
-80230.8837870984,2017-08-03
92642.85911339894,2017-08-04
42641.975564001936,2017-08-07
34898.92724190019,2017-08-08
-16961.711886300185,2017-08-09
-144994.3873810016,2017-08-10
135123.88479199927,2017-08-11
-5213.352736697607,2017-08-14
-1238.328164903298,2017-08-15
69726.30447770309,2017-08-16
-39155.08946440075,2017-08-17
20999.23228460086,2017-08-18
41431.32474079929,2017-08-21
-25372.41948659864,2017-08-22
-70271.26301300191,2017-08-23
110064.64878639793,2017-08-24
89947.75215420187,2017-08-25
-12638.602057999004,2017-08-28
23603.10023439825,2017-08-29
-2286.0863872990317,2017-08-30
67304.73573510104,2017-08-31
55595.70109679779,2017-09-01
2577.3181710008535,2017-09-04
-34860.34609549722,2017-09-05
-95824.39158510193,2017-09-06
-73026.25599629967,2017-09-07
-57812.81908200221,2017-09-08
42007.27383669953,2017-09-11
24477.621262198696,2017-09-12
-27477.80636999633,2017-09-13
2931.618680301544,2017-09-14
83049.61874349874,2017-09-15
-56441.85296340127,2017-09-18
12736.042249700879,2017-09-19
-8826.581697701116,2017-09-20
-10696.754183601035,2017-09-21
70452.22227820197,2017-09-22
-7473.806093901211,2017-09-25
-101174.76327410206,2017-09-26
48386.306581301535,2017-09-27
3093.0718337004555,2017-09-28
26750.15047439943,2017-09-29
6257.203066203467,2017-10-09
62153.928762397365,2017-10-10
18184.75696449927,2017-10-11
-13668.26047449764,2017-10-12
28180.791970397124,2017-10-13
-36263.74655949834,2017-10-16
56293.28647209959,2017-10-17
42107.53159380002,2017-10-18
-52262.82677290108,2017-10-19
15969.32408430086,2017-10-20
15763.166682901348,2017-10-23
2652.0877732989898,2017-10-24
99622.40464340044,2017-10-25
172272.86455180062,2017-10-26
-97166.0287050018,2017-10-27
-28449.67365630153,2017-10-30
16163.974660803282,2017-10-31
4258.104943399131,2017-11-01
11773.418677500402,2017-11-02
130237.85566480274,2017-11-03
16275.404742098937,2017-11-06
-43977.53655790498,2017-11-07
35841.41788560266,2017-11-08
194251.66135690102,2017-11-09
27609.06664660244,2017-11-10
-150774.96993360354,2017-11-13
-71445.35359459913,2017-11-14
170952.92631109673,2017-11-15
-78979.81287679743,2017-11-16
-7221.322680798117,2017-11-17
120473.67097620272,2017-11-20
-53133.1849251026,2017-11-21
-330085.7335398983,2017-11-22
-44325.156151801784,2017-11-23
-99284.00509559936,2017-11-24
26332.927693400416,2017-11-27
-50433.83198940043,2017-11-28
-109649.54408869898,2017-11-29
38924.28980849877,2017-11-30
131217.41644750314,2017-12-01
-35526.10955190022,2017-12-04
-31702.653927699972,2017-12-05
-94725.13017530095,2017-12-06
91555.74220680243,2017-12-07
244889.43890629907,2017-12-08
-96704.45264230367,2017-12-11
87130.05687510378,2017-12-12
-39985.88862140236,2017-12-13
-133395.0056254986,2017-12-14
67612.28410580067,2017-12-15
81371.64315619598,2017-12-18
49773.912291502085,2017-12-19
77676.13009630064,2017-12-20
-16217.059331002103,2017-12-21
-67460.18830889679,2017-12-22
-6392.087334401673,2017-12-25
-162507.18890229968,2017-12-26
176100.0235617002,2017-12-27
-30971.697292200235,2017-12-28
75928.31966389822,2017-12-29
61278.802292900065,2018-01-02
113900.32300200351,2018-01-03
-34801.011708002414,2018-01-04
41235.2030296002,2018-01-05
124537.19190670134,2018-01-08
32653.531567998252,2018-01-09
-25007.493111797103,2018-01-10
36106.36205179808,2018-01-11
6963.3576187996805,2018-01-12
75709.59489380133,2018-01-15
-88365.22506099973,2018-01-16
50244.47976069557,2018-01-17
18833.484502599887,2018-01-18
145351.8801481994,2018-01-19
54677.311433302624,2018-01-22
-23554.891273296238,2018-01-23
-99931.17148930184,2018-01-24
59309.25829119497,2018-01-25
-282698.8858007947,2018-01-26
-49277.3282259025,2018-01-29
83328.79347840248,2018-01-30
-61178.91937809782,2018-01-31
45735.12296639986,2018-02-01
-182602.3441039041,2018-02-02
-353242.31241850083,2018-02-05
-242813.92925,2018-02-06
-17948.348450495916,2018-02-07
-278725.6636575019,2018-02-08
141183.2355331973,2018-02-09
116816.77140860287,2018-02-12
56012.28241890087,2018-02-13
222827.63911509942,2018-02-14
-8538.256810401646,2018-02-22
-1302.8066793010976,2018-02-23
-146315.41241159727,2018-02-26
-124734.85345070371,2018-02-27
122594.51435530235,2018-02-28
-74213.74127679906,2018-03-01
-64440.524550399336,2018-03-02
81886.10977739799,2018-03-05
-49165.21508730044,2018-03-06
88196.89052719985,2018-03-07
31923.360624302106,2018-03-08
-28433.347455798586,2018-03-09
-110290.6225716031,2018-03-12
34720.205905799856,2018-03-13
119619.87859550232,2018-03-14
-101662.80800960046,2018-03-15
46330.595747102576,2018-03-16
-5148.406803702084,2018-03-19
-74112.6482729024,2018-03-20
-116829.53947270052,2018-03-21
-155878.8662713987,2018-03-22
-55259.5948172003,2018-03-23
52680.64157630225,2018-03-26
-201305.4360888019,2018-03-27
30887.805660799833,2018-03-28
-3266.364443501382,2018-03-29
19606.51274050242,2018-03-30
-7001.8146993001055,2018-04-02
1367.1453371979699,2018-04-03
21631.9902458997,2018-04-04
70263.81175810282,2018-04-09
-17807.20375679988,2018-04-10
-20556.916494100824,2018-04-11
-42297.25429229971,2018-04-12
-67225.21111250101,2018-04-13
-169868.13070229918,2018-04-16
61850.67499249874,2018-04-17
96250.54178380132,2018-04-18
-107866.81856939947,2018-04-19
6581.683038100724,2018-04-20
163159.5613172994,2018-04-23
-25862.32609730019,2018-04-24
-137702.57354559764,2018-04-25
-21032.501327002865,2018-04-26
78281.4325716997,2018-04-27
90055.65460390004,2018-05-02
-47155.820364796156,2018-05-03
218149.35450549648,2018-05-04
54728.88721980162,2018-05-07
-27462.42100300123,2018-05-08
75729.1556298004,2018-05-09
-98966.9866444019,2018-05-10
136516.1644598007,2018-05-11
47289.597123101106,2018-05-14
-65558.32091430151,2018-05-15
-95429.58342339724,2018-05-16
104276.56689069711,2018-05-17
10196.709781899675,2018-05-18
2398.460994003757,2018-05-21
-136339.44567930358,2018-05-22
-61124.535236102194,2018-05-23
-14864.937138997419,2018-05-24
37624.54269530047,2018-05-25
-110174.04938680197,2018-05-28
-181224.31151499692,2018-05-29
197089.13809080262,2018-05-30
-107416.68901580249,2018-05-31
18819.48276629914,2018-06-01
110959.39953200164,2018-06-04
4311.78613659895,2018-06-05
-12168.964843699745,2018-06-06
-84799.33987339825,2018-06-07
-54085.97520220243,2018-06-08
125170.47767219986,2018-06-11
-93199.23980879842,2018-06-12
-60724.48988070202,2018-06-13
-103562.74922439709,2018-06-14
-270244.8253508043,2018-06-15
28708.877502404153,2018-06-19
-52431.714838297434,2018-06-20
46044.623544293405,2018-06-21
-70659.36094179619,2018-06-22
-80717.05152900245,2018-06-25
-273539.3743159975,2018-06-26
-105399.9323417017,2018-06-27
226336.33356439864,2018-06-28
-205009.39244129884,2018-06-29
-117746.6007100981,2018-07-02
-77600.26616139988,2018-07-03
27701.73980379919,2018-07-04
-45107.374613901586,2018-07-05
193249.9296844016,2018-07-06
45445.869924300474,2018-07-09
-101554.97811970033,2018-07-10
163908.45862369775,2018-07-11
112076.78713120199,2018-07-12
13898.645831899717,2018-07-13
-37784.56602249853,2018-07-16
9184.679853598542,2018-07-17
-51799.935563002145,2018-07-18
117111.90367050462,2018-07-19
-23433.76516600245,2018-07-20
83688.59177410063,2018-07-23
26858.85440400068,2018-07-24
-112327.55246690146,2018-07-25
-69169.55707749774,2018-07-26
-95223.03407300048,2018-07-27
2692.6846417987704,2018-07-30
-110613.63054469973,2018-07-31
-158132.82178310154,2018-08-01
-206685.70064459898,2018-08-02
-200563.79224589828,2018-08-03
211824.34241089682,2018-08-06
-156788.2951871995,2018-08-07
243191.20041019976,2018-08-08
69662.28469080043,2018-08-09
7520.413463999801,2018-08-10
-62839.249582499346,2018-08-13
-221762.88913180106,2018-08-14
-44403.042476498085,2018-08-15
-189585.08276819906,2018-08-16
38483.55774090028,2018-08-17
185951.64139519734,2018-08-20
-44182.36148439693,2018-08-21
59261.307995800234,2018-08-22
16637.41342629897,2018-08-23
296770.328375401,2018-08-24
-38440.2240144989,2018-08-27
-51009.058118801375,2018-08-28
-56064.501259503064,2018-08-29
-120620.44715829878,2018-08-30
-14917.728428100674,2018-08-31
61168.985904701105,2018-09-03
-194602.600386801,2018-09-04
-85897.96853040023,2018-09-05
58468.19495580161,2018-09-06
-190567.36159989983,2018-09-07
-9882.508685997262,2018-09-10
-83316.53947960283,2018-09-11
30198.141180901282,2018-09-12
-32317.0530901011,2018-09-13
-97351.8306336983,2018-09-14
168921.8198533977,2018-09-17
108914.89008920292,2018-09-18
723.4726982983366,2018-09-19
209492.7957805993,2018-09-20
-43932.345949297516,2018-09-21
123477.55404800015,2018-09-25
-28631.067594101027,2018-09-26
63673.49048230007,2018-09-27
-358569.822216101,2018-09-28
-42360.428231697086,2018-10-08
-88743.64034290538,2018-10-09
-372007.95458939765,2018-10-10
162915.73068860013,2018-10-11
-57539.42167869954,2018-10-12
-136505.49994770077,2018-10-15
-79674.81155599738,2018-10-16
-259235.89946590096,2018-10-17
210587.87205699956,2018-10-18
381672.0263890983,2018-10-19
-306064.8251884984,2018-10-22
-63250.908368598546,2018-10-23
-67456.98408420318,2018-10-24
-141297.7057527982,2018-10-25
-427401.1070730009,2018-10-26
35189.56744630158,2018-10-29
222850.25115950016,2018-10-30
67138.78379719809,2018-10-31
417215.10643250163,2018-11-01
-113533.26573420083,2018-11-02
-77700.03597829925,2018-11-05
-58386.89129060087,2018-11-06
-34581.52479989967,2018-11-07
-106044.72747759632,2018-11-08
15801.13838869648,2018-11-09
75276.86312769983,2018-11-12
-127661.84944169784,2018-11-13
76281.12491959674,2018-11-14
5660.8789966990835,2018-11-15
63911.89757940211,2018-11-16
-141373.6338340019,2018-11-19
44060.683269704175,2018-11-20
-29794.532553302433,2018-11-21
-119373.21601819871,2018-11-22
-47576.896355599754,2018-11-23
-23645.694472801602,2018-11-26
140485.93823550013,2018-11-27
-93904.00602359872,2018-11-28
79552.29949739978,2018-11-29
296454.03590770136,2018-11-30
72080.66639090072,2018-12-03
40573.24576399848,2018-12-04
-182670.40280079993,2018-12-05
-38264.2194939008,2018-12-06
-101605.54862139965,2018-12-07
52053.97154560129,2018-12-10
39916.05670019869,2018-12-11
90912.74916270138,2018-12-12
-195574.70099370275,2018-12-13
-16993.601429597176,2018-12-14
-50777.17104200383,2018-12-17
-173749.06072969976,2018-12-18
-58524.34749119575,2018-12-19
-104572.18707880357,2018-12-20
64437.22606030297,2018-12-21
-40177.21614600174,2018-12-24
-90779.51730469958,2018-12-25
-4591.470372799747,2018-12-26
109026.33990039772,2018-12-27
-48750.66274259669,2018-12-28
-124229.25294300137,2019-01-02
118235.11355030189,2019-01-03
64287.59942579731,2019-01-04
36305.82938870115,2019-01-07
131598.24467310027,2019-01-08
269.82517919963294,2019-01-09
43176.41099210134,2019-01-10
-101977.3758636001,2019-01-11
248583.94495299974,2019-01-14
29269.53726999697,2019-01-15
-61152.71575009918,2019-01-16
126589.37783740227,2019-01-17
43239.875642900195,2019-01-18
-124956.01479390051,2019-01-21
-15558.441044000534,2019-01-22
-40451.91734049693,2019-01-23
64463.2845099982,2019-01-24
-54332.71125900238,2019-01-25
85620.22201850153,2019-01-28
-102019.03145370043,2019-01-29
66353.00649310187,2019-01-30
104153.32429339834,2019-01-31
286643.94916650077,2019-02-01
-16103.487931599933,2019-02-11
213214.17822069934,2019-02-12
71467.17247989897,2019-02-13
-201162.29492399853,2019-02-14
301055.03687090054,2019-02-15
-44299.639013400774,2019-02-18
251.87637290093303,2019-02-19
-15545.66812199985,2019-02-20
157306.52488659826,2019-02-21
306968.47608260135,2019-02-22
-157452.84065930013,2019-02-25
-15598.225286600134,2019-02-26
81516.23551739854,2019-02-27
209836.29023460142,2019-02-28
-65356.58145149848,2019-03-01
-63924.14672670226,2019-03-04
-27096.600230300588,2019-03-05
-128520.56380569849,2019-03-06
-276434.1977091998,2019-03-07
228635.61868220125,2019-03-08
-46464.956825100984,2019-03-11
-32109.639145697463,2019-03-12
76947.99397249492,2019-03-13
59166.59468600499,2019-03-14
338058.29251930123,2019-03-15
-151769.29290430326,2019-03-18
8246.727001598181,2019-03-19
-74325.49030399913,2019-03-20
-37953.58905099901,2019-03-21
-259820.22985560042,2019-03-22
-26396.136739200567,2019-03-25
148675.21357759883,2019-03-26
121514.21795810063,2019-03-27
311896.16974169953,2019-03-28
169182.85998470144,2019-03-29
-11348.97140700021,2019-04-01
69803.78502680184,2019-04-02
114570.00083549836,2019-04-03
42713.615788100484,2019-04-04
55819.715416601095,2019-04-08
11249.559898199297,2019-04-09
-193365.66551820052,2019-04-10
-8029.412696499507,2019-04-11
-32060.786780900515,2019-04-12
188288.8743466046,2019-04-15
42470.72858839816,2019-04-16
-1474.1888473015845,2019-04-17
48612.700592996895,2019-04-18
-103838.6438214962,2019-04-19
45589.19365000214,2019-04-22
16353.172525398768,2019-04-23
-151573.782115102,2019-04-24
-237489.1473663005,2019-04-25
176580.92583620056,2019-04-26
2927.651628001007,2019-04-29
-402520.38005440106,2019-04-30
59701.09514090151,2019-05-06
-219686.4127629987,2019-05-07
-252132.80521060497,2019-05-08
349689.10158450453,2019-05-09
-114891.59855320203,2019-05-10
-144545.58671329785,2019-05-13
221596.2629137959,2019-05-14
53805.74667910361,2019-05-15
-295049.08970979904,2019-05-16
-160393.14873570102,2019-05-17
105973.63790310251,2019-05-20
-88407.85083900465,2019-05-21
-287605.15384539793,2019-05-22
25327.88807250157,2019-05-23
78493.11975110091,2019-05-24
119082.29075569677,2019-05-27
-16596.062897697313,2019-05-28
-75949.93760840429,2019-05-29
31619.862673502306,2019-05-30
-25211.888702400272,2019-05-31
-170611.3253471999,2019-06-03
-66328.98804519726,2019-06-04
-75478.66862820098,2019-06-05
75127.21906850033,2019-06-06
248679.25319060267,2019-06-10
-52073.55853960147,2019-06-11
12512.607476199943,2019-06-12
-65684.16106530065,2019-06-13
78483.5565725011,2019-06-14
-20021.25611780395,2019-06-17
136466.81636140132,2019-06-18
256587.48382100195,2019-06-19
24176.435096598125,2019-06-20
50726.928692999296,2019-06-21
-69058.3927989981,2019-06-24
17577.464882300264,2019-06-25
94433.08257939966,2019-06-26
5082.03135290041,2019-06-27
192999.22714110525,2019-06-28
-9007.530474203782,2019-07-01
-195040.22991410104,2019-07-02
-170958.1214572008,2019-07-03
166170.14975380027,2019-07-04
-217898.65334980164,2019-07-05
-19844.346436702304,2019-07-08
66524.58268350469,2019-07-09
-76790.12237300175,2019-07-10
70908.63570910288,2019-07-11
-7378.052573499752,2019-07-12
-105455.33186160523,2019-07-15
-90445.61111019443,2019-07-16
-63310.75583450277,2019-07-17
46121.94120159878,2019-07-18
-14963.725070895836,2019-07-19
23852.17823029744,2019-07-22
2890.49268689957,2019-07-23
138798.1404292026,2019-07-24
76983.86003729809,2019-07-25
37522.659416601644,2019-07-26
-58631.24112099938,2019-07-29
-55225.62741760152,2019-07-30
-113768.22215660212,2019-07-31
-114214.72656219595,2019-08-01
-292927.2251170017,2019-08-02
-56557.61459850037,2019-08-05
-4387.936848600224,2019-08-06
76459.79093660199,2019-08-07
-210107.68382830263,2019-08-08
129581.80975489854,2019-08-09
-89734.05728089635,2019-08-12
82119.89245589724,2019-08-13
4570.230846601036,2019-08-14
60176.4372032031,2019-08-15
114557.25703329839,2019-08-16
-13005.22694740024,2019-08-19
-62630.62821699895,2019-08-20
199789.00070659918,2019-08-21
56138.07508239847,2019-08-22
-29746.260249603463,2019-08-23
146407.4559867044,2019-08-26
-66699.44115250175,2019-08-27
-26041.210375496852,2019-08-28
-16592.065074901973,2019-08-29
129567.30350280076,2019-08-30
-14508.872853699668,2019-09-02
-28504.648372599902,2019-09-03
91400.49552309832,2019-09-04
38358.2617133978,2019-09-05
34505.11084050215,2019-09-06
-80895.1780607018,2019-09-09
-207487.61244120076,2019-09-10
107956.44066870656,2019-09-11
-69883.50295120287,2019-09-12
-145638.04911779927,2019-09-16
73111.710211398,2019-09-17
72305.33074330188,2019-09-18
8272.490862099428,2019-09-19
-153615.75982170095,2019-09-20
37242.24812920163,2019-09-23
-108153.77971370015,2019-09-24
-126012.00585020056,2019-09-25
926.9416856032819,2019-09-26
-26619.224425700748,2019-09-27
98216.68321619814,2019-09-30
-60579.64496189957,2019-10-08
166093.58798949825,2019-10-09
52057.19267730357,2019-10-10
36870.362964202126,2019-10-11
2735.762667595699,2019-10-14
-52488.94035699699,2019-10-15
-47782.0093140003,2019-10-16
-118322.8261238029,2019-10-17
-57770.31056199901,2019-10-18
68634.09040830267,2019-10-21
-142270.76145539767,2019-10-22
-108209.13069010056,2019-10-23
2297.259036897978,2019-10-24
148585.41481060014,2019-10-25
-3618.309929896948,2019-10-28
-96394.73244000423,2019-10-29
-32640.09948960166,2019-10-30
75687.47375570108,2019-10-31
80186.5546225018,2019-11-01
-6473.953283499679,2019-11-04
-65201.11816809726,2019-11-05
13194.11311709772,2019-11-06
41953.27299890252,2019-11-07
-167461.10617290146,2019-11-08
-49576.32417810056,2019-11-11
-46992.929193702366,2019-11-12
19687.201068703336,2019-11-13
-85989.62510129939,2019-11-14
72421.36198129962,2019-11-15
97464.42460179934,2019-11-18
-49316.94367059747,2019-11-19
-98479.12962210047,2019-11-20
-121529.03411100138,2019-11-21
-18484.75542289416,2019-11-22
31298.313004094238,2019-11-25
-59743.03838299979,2019-11-26
-31452.869455797707,2019-11-27
-172022.53844540144,2019-11-28
-2740.28623099758,2019-11-29
4633.272458201271,2019-12-02
-15854.556696002124,2019-12-03
70365.86286359614,2019-12-04
72587.72020550098,2019-12-05
-51201.95562659889,2019-12-06
86432.86557890165,2019-12-09
15130.575046202513,2019-12-10
-76384.2724849998,2019-12-11
236919.1056738971,2019-12-12
-78068.62255530061,2019-12-13
61223.44521440046,2019-12-16
-84711.4606374968,2019-12-17
-18375.013602102877,2019-12-18
-24760.08286600135,2019-12-19
-59827.512204799044,2019-12-20
40510.553318502585,2019-12-23
105803.33242199932,2019-12-24
85432.23251109904,2019-12-25
-68643.69611459933,2019-12-26
160269.8759055994,2019-12-27
23812.07930750253,2019-12-30
